/*
 Navicat Premium Data Transfer

 Source Server         : 本机
 Source Server Type    : MySQL
 Source Server Version : 50733
 Source Host           : localhost:3306
 Source Schema         : electron_back

 Target Server Type    : MySQL
 Target Server Version : 50733
 File Encoding         : 65001

 Date: 02/08/2023 15:39:57
*/

SET NAMES utf8mb4;
SET FOREIGN_KEY_CHECKS = 0;

-- ----------------------------
-- Table structure for base_scheduled_task
-- ----------------------------
DROP TABLE IF EXISTS `base_scheduled_task`;
CREATE TABLE `base_scheduled_task`  (
  `id` varchar(32) CHARACTER SET utf8 COLLATE utf8_bin NOT NULL COMMENT '定时任务id',
  `task_name` varchar(50) CHARACTER SET utf8 COLLATE utf8_general_ci NULL DEFAULT NULL COMMENT '任务名',
  `back_task` varchar(255) CHARACTER SET utf8 COLLATE utf8_general_ci NULL DEFAULT NULL COMMENT '后台完整类名：关联码表(back_task)',
  `corn` varchar(255) CHARACTER SET utf8 COLLATE utf8_general_ci NULL DEFAULT NULL COMMENT 'corn表达式',
  `state` char(2) CHARACTER SET utf8 COLLATE utf8_general_ci NULL DEFAULT NULL COMMENT '任务状态:关联码表(task_state)',
  `note` varchar(500) CHARACTER SET utf8 COLLATE utf8_general_ci NULL DEFAULT NULL COMMENT '任务备注',
  `create_date` datetime(0) NULL DEFAULT NULL COMMENT '创建时间',
  `create_user` varchar(50) CHARACTER SET utf8 COLLATE utf8_general_ci NULL DEFAULT NULL COMMENT '创建人',
  `update_date` datetime(0) NULL DEFAULT NULL COMMENT '修改时间',
  `update_user` varchar(50) CHARACTER SET utf8 COLLATE utf8_general_ci NULL DEFAULT NULL COMMENT '修改人',
  PRIMARY KEY (`id`) USING BTREE
) ENGINE = InnoDB CHARACTER SET = utf8 COLLATE = utf8_general_ci COMMENT = '定时任务表' ROW_FORMAT = Dynamic;

-- ----------------------------
-- Records of base_scheduled_task
-- ----------------------------
INSERT INTO `base_scheduled_task` VALUES ('d2767a9fa7ef1f4c8a1faadf87ba211c', '定时问好', 'com.ht.task.HelloTask', '*/5 * * * * ?', '02', '问好定时任务用于测试-每5秒执行一次', '2022-04-24 15:10:12', '1', '2022-04-26 11:37:17', '1');

-- ----------------------------
-- Table structure for persistent_logins
-- ----------------------------
DROP TABLE IF EXISTS `persistent_logins`;
CREATE TABLE `persistent_logins`  (
  `username` varchar(64) CHARACTER SET utf8 COLLATE utf8_general_ci NOT NULL,
  `series` varchar(64) CHARACTER SET utf8 COLLATE utf8_general_ci NOT NULL,
  `token` varchar(64) CHARACTER SET utf8 COLLATE utf8_general_ci NOT NULL,
  `last_used` timestamp(0) NOT NULL DEFAULT CURRENT_TIMESTAMP(0) ON UPDATE CURRENT_TIMESTAMP(0),
  PRIMARY KEY (`series`) USING BTREE
) ENGINE = InnoDB CHARACTER SET = utf8 COLLATE = utf8_general_ci ROW_FORMAT = Dynamic;

-- ----------------------------
-- Table structure for sys_dept
-- ----------------------------
DROP TABLE IF EXISTS `sys_dept`;
CREATE TABLE `sys_dept`  (
  `dept_id` varchar(32) CHARACTER SET utf8 COLLATE utf8_bin NOT NULL COMMENT '部门id',
  `parent_id` varchar(32) CHARACTER SET utf8 COLLATE utf8_general_ci NULL DEFAULT NULL COMMENT '上级部门id',
  `dept_name` varchar(50) CHARACTER SET utf8 COLLATE utf8_general_ci NULL DEFAULT NULL COMMENT '部门名称',
  `dept_code` varchar(50) CHARACTER SET utf8 COLLATE utf8_general_ci NULL DEFAULT NULL COMMENT '部门编码',
  `sort` int(11) NULL DEFAULT NULL COMMENT '排序',
  `del_flag` int(11) NULL DEFAULT NULL COMMENT '逻辑删除',
  `create_date` datetime(0) NULL DEFAULT NULL COMMENT '创建时间',
  `create_user` varchar(50) CHARACTER SET utf8 COLLATE utf8_general_ci NULL DEFAULT NULL COMMENT '创建人',
  `update_date` datetime(0) NULL DEFAULT NULL COMMENT '修改时间',
  `update_user` varchar(50) CHARACTER SET utf8 COLLATE utf8_general_ci NULL DEFAULT NULL COMMENT '修改人',
  PRIMARY KEY (`dept_id`) USING BTREE
) ENGINE = InnoDB CHARACTER SET = utf8 COLLATE = utf8_general_ci COMMENT = '部门表' ROW_FORMAT = Dynamic;

-- ----------------------------
-- Records of sys_dept
-- ----------------------------
INSERT INTO `sys_dept` VALUES ('42e6ff404e861f296c06c4323664ef95', '97fdeee7aba1660030e886f527c2f326', '达州子公司', 'DZC', 1, 0, '2022-04-19 10:32:44', '1', '2023-08-02 15:17:11', '1');
INSERT INTO `sys_dept` VALUES ('8888b600c789bb11a7b7f1a303236156', '0', 'HT科技有限公司', 'HT', 1, 0, '2022-04-19 10:30:22', '1', '2023-08-02 15:16:52', '1');
INSERT INTO `sys_dept` VALUES ('97fdeee7aba1660030e886f527c2f326', '8888b600c789bb11a7b7f1a303236156', '四川总公司', 'SC', 1, 0, '2022-04-19 10:31:44', '1', '2023-08-02 15:16:56', '1');
INSERT INTO `sys_dept` VALUES ('f9d0270ccaa944843e6d4500cdd49f34', '97fdeee7aba1660030e886f527c2f326', '成都子公司', 'CDC', 2, 0, '2022-04-19 10:32:28', '1', '2023-08-02 15:17:12', '1');
INSERT INTO `sys_dept` VALUES ('fad2038681bfee0320dc6f1b0b375ee8', '8888b600c789bb11a7b7f1a303236156', '深圳总公司', 'SZ', 2, 0, '2022-04-19 10:32:15', '1', '2022-04-19 10:52:16', '1');

-- ----------------------------
-- Table structure for sys_dict
-- ----------------------------
DROP TABLE IF EXISTS `sys_dict`;
CREATE TABLE `sys_dict`  (
  `id` varchar(50) CHARACTER SET utf8 COLLATE utf8_general_ci NOT NULL COMMENT '主键',
  `dict_name` varchar(100) CHARACTER SET utf8 COLLATE utf8_general_ci NOT NULL COMMENT '字典名称',
  `dict_code` varchar(100) CHARACTER SET utf8 COLLATE utf8_general_ci NOT NULL COMMENT '字典编码',
  `desc` varchar(255) CHARACTER SET utf8 COLLATE utf8_general_ci NULL DEFAULT NULL COMMENT '描述',
  `create_date` datetime(0) NULL DEFAULT NULL COMMENT '创建时间',
  `create_user` varchar(50) CHARACTER SET utf8 COLLATE utf8_general_ci NULL DEFAULT NULL COMMENT '创建人',
  `update_date` datetime(0) NULL DEFAULT NULL COMMENT '修改时间',
  `update_user` varchar(50) CHARACTER SET utf8 COLLATE utf8_general_ci NULL DEFAULT NULL COMMENT '修改人',
  PRIMARY KEY (`id`) USING BTREE,
  UNIQUE INDEX `dict_code`(`dict_code`) USING BTREE
) ENGINE = InnoDB CHARACTER SET = utf8 COLLATE = utf8_general_ci COMMENT = '字典表' ROW_FORMAT = Dynamic;

-- ----------------------------
-- Records of sys_dict
-- ----------------------------
INSERT INTO `sys_dict` VALUES ('1cbb6843193848df56f35003b2d06d75', '数据权限标识', 'data_authority', '数据权限标识', '2022-04-19 11:05:31', '1', NULL, NULL);
INSERT INTO `sys_dict` VALUES ('2f0752dabbc6ed675aea0cd6b17aba8c', '日志操作类型', 'oper_log_type', '日志操作类型', '2023-03-31 17:08:40', '1', '2023-03-31 17:10:22', '1');
INSERT INTO `sys_dict` VALUES ('be331124880e9cc203fcda70962ae4b9', '任务状态', 'task_state', '任务状态', '2022-04-24 15:14:01', '1', NULL, NULL);
INSERT INTO `sys_dict` VALUES ('c149ee731afc80fd3891e97dd0627aba', '菜单类型', 'menu_type', '菜单类型', '2021-09-17 16:32:24', '1', NULL, NULL);
INSERT INTO `sys_dict` VALUES ('c75862fda2729211604c7b9658438d90', '定时后台任务完整类名', 'back_task', '定时后台任务完整类名', '2022-04-24 15:02:06', '1', NULL, NULL);
INSERT INTO `sys_dict` VALUES ('cc86b89ad9f84ab3905da2fd3d53eac1', '操作日志状态', 'oper_log_states', '操作日志状态', '2023-03-31 17:11:05', '1', NULL, NULL);
INSERT INTO `sys_dict` VALUES ('f3338c6a7b1ff079cc008a9d3e5a16cb', '是否', 'whether', '是否', '2022-04-24 14:25:50', '1', NULL, NULL);
INSERT INTO `sys_dict` VALUES ('fdfc713e8f3c1e612c321c2a36858593', '状态', 'state', '字段状态：01:启用：02：禁用  -关联码表state', '2021-09-14 10:58:07', '1', NULL, NULL);

-- ----------------------------
-- Table structure for sys_dict_item
-- ----------------------------
DROP TABLE IF EXISTS `sys_dict_item`;
CREATE TABLE `sys_dict_item`  (
  `id` varchar(50) CHARACTER SET utf8 COLLATE utf8_general_ci NOT NULL,
  `dict_id` varchar(50) CHARACTER SET utf8 COLLATE utf8_general_ci NULL DEFAULT NULL COMMENT '字典id',
  `label` varchar(255) CHARACTER SET utf8 COLLATE utf8_general_ci NOT NULL COMMENT '字典项文本',
  `value` varchar(255) CHARACTER SET utf8 COLLATE utf8_general_ci NOT NULL COMMENT '字典项值',
  `desc` varchar(255) CHARACTER SET utf8 COLLATE utf8_general_ci NULL DEFAULT NULL COMMENT '描述',
  `sort` int(11) NULL DEFAULT NULL COMMENT '排序',
  PRIMARY KEY (`id`) USING BTREE,
  INDEX `index_table_dict_id`(`dict_id`) USING BTREE
) ENGINE = InnoDB CHARACTER SET = utf8 COLLATE = utf8_general_ci COMMENT = '字典项表' ROW_FORMAT = Dynamic;

-- ----------------------------
-- Records of sys_dict_item
-- ----------------------------
INSERT INTO `sys_dict_item` VALUES ('001b2b65b7ca313f99373cddc3826efa', '2f0752dabbc6ed675aea0cd6b17aba8c', '导入', '07', '导入', 7);
INSERT INTO `sys_dict_item` VALUES ('00ded0498a7ef30543ab39d60b4f1b9e', 'cc86b89ad9f84ab3905da2fd3d53eac1', '异常', '1', '异常', 1);
INSERT INTO `sys_dict_item` VALUES ('38f9248849e51058091136d32a3ff50a', 'f3338c6a7b1ff079cc008a9d3e5a16cb', '是', 'Y', '是', 0);
INSERT INTO `sys_dict_item` VALUES ('43b14b1c9622638702f60da8eb232ab9', 'be331124880e9cc203fcda70962ae4b9', '暂停', '02', '暂停', 2);
INSERT INTO `sys_dict_item` VALUES ('54bf12064d034a47ec675e931e2e2974', 'c149ee731afc80fd3891e97dd0627aba', '菜单', '0', '菜单', 0);
INSERT INTO `sys_dict_item` VALUES ('550a53f3a7ee364ea42ea5ec09402c09', 'c75862fda2729211604c7b9658438d90', '问好定时任务', 'com.ht.task.HelloTask', '问好定时任务-用于测试', 0);
INSERT INTO `sys_dict_item` VALUES ('5dcac66c18702d33054e54dcfbcdcbbb', '1cbb6843193848df56f35003b2d06d75', '本部门数据权限', '02', '本部门数据权限', 2);
INSERT INTO `sys_dict_item` VALUES ('699c6c67ef41feb7634048acaea47a82', 'f3338c6a7b1ff079cc008a9d3e5a16cb', '否', 'N', '否', 1);
INSERT INTO `sys_dict_item` VALUES ('73c6d9d235f09fd6184ab8dc72c85ff9', '2f0752dabbc6ed675aea0cd6b17aba8c', '登出', '06', '登出', 6);
INSERT INTO `sys_dict_item` VALUES ('79b66b8ddbcd19667248b988278c6c5d', '2f0752dabbc6ed675aea0cd6b17aba8c', '新增', '02', '新增', 2);
INSERT INTO `sys_dict_item` VALUES ('7d9f822b6e3aa128471309cd8b0a71e0', 'fdfc713e8f3c1e612c321c2a36858593', '启用', '01', '启用', 0);
INSERT INTO `sys_dict_item` VALUES ('886e097c945d7e68d214f0105745a830', '2f0752dabbc6ed675aea0cd6b17aba8c', '停止', '10', '停止', 10);
INSERT INTO `sys_dict_item` VALUES ('8e28bd602c9c768b1584c5e7c5ea2e00', '2f0752dabbc6ed675aea0cd6b17aba8c', '查询', '01', '查询', 1);
INSERT INTO `sys_dict_item` VALUES ('9613c2a7c26f4c4e246a828883ce14aa', 'cc86b89ad9f84ab3905da2fd3d53eac1', '正常', '0', '正常', 0);
INSERT INTO `sys_dict_item` VALUES ('adc2d0e2b9e2c98b6720f07c59859337', '1cbb6843193848df56f35003b2d06d75', '仅本人数据权限', '05', '仅本人数据权限', 5);
INSERT INTO `sys_dict_item` VALUES ('af1d995b32e942c318bdb3d6b5bf0ad5', 'c149ee731afc80fd3891e97dd0627aba', '按钮', '2', '按钮', 2);
INSERT INTO `sys_dict_item` VALUES ('b6eece188b759c68def3708ede4a33ad', 'c149ee731afc80fd3891e97dd0627aba', '页面', '1', '页面', 0);
INSERT INTO `sys_dict_item` VALUES ('bb0cc9cb28ce8be6cfac9c298656b494', '1cbb6843193848df56f35003b2d06d75', '本部门及下级部门数据权限', '03', '本部门及下级部门数据权限', 3);
INSERT INTO `sys_dict_item` VALUES ('c1ea45132329350a644226a0a3f156d1', '2f0752dabbc6ed675aea0cd6b17aba8c', '登录', '05', '登录', 5);
INSERT INTO `sys_dict_item` VALUES ('c2fcef0de4ee97ab49fecf32369b3df7', '2f0752dabbc6ed675aea0cd6b17aba8c', '激活', '09', '激活', 9);
INSERT INTO `sys_dict_item` VALUES ('c728a1eb4243e9ea38ce05da6f04ba66', 'be331124880e9cc203fcda70962ae4b9', '开启', '01', '开启', 1);
INSERT INTO `sys_dict_item` VALUES ('cf04f7f24e1c426e8cb256c4e4b00f1e', '2f0752dabbc6ed675aea0cd6b17aba8c', '导出', '08', '导出', 8);
INSERT INTO `sys_dict_item` VALUES ('cf1123e0cca8d0ab9438f4e457e7d9be', '1cbb6843193848df56f35003b2d06d75', '自定义数据权限', '99', '自定义数据权限', 99);
INSERT INTO `sys_dict_item` VALUES ('d4d662e87192610aba655b5dae446d2b', '1cbb6843193848df56f35003b2d06d75', '全部数据权限', '01', '全部数据权限', 1);
INSERT INTO `sys_dict_item` VALUES ('ef7669b086f140325231c0b0622db167', 'fdfc713e8f3c1e612c321c2a36858593', '禁用', '02', '禁用', 1);
INSERT INTO `sys_dict_item` VALUES ('f2ef9a64c79f2215096ae329515882d3', '2f0752dabbc6ed675aea0cd6b17aba8c', '删除', '04', '删除', 4);
INSERT INTO `sys_dict_item` VALUES ('f3487f19ca23cbbc3072eb5f0eb1b0eb', '2f0752dabbc6ed675aea0cd6b17aba8c', '修改', '03', '修改', 3);
INSERT INTO `sys_dict_item` VALUES ('f36060c9ad8690a87710ce378d52d772', '1cbb6843193848df56f35003b2d06d75', '本部门及所有子集数据权限', '04', '本部门及所有子集数据权限', 4);

-- ----------------------------
-- Table structure for sys_menu
-- ----------------------------
DROP TABLE IF EXISTS `sys_menu`;
CREATE TABLE `sys_menu`  (
  `id` varchar(50) CHARACTER SET utf8 COLLATE utf8_general_ci NOT NULL COMMENT '菜单id',
  `pid` varchar(50) CHARACTER SET utf8 COLLATE utf8_general_ci NULL DEFAULT NULL COMMENT '上级菜单',
  `name` varchar(20) CHARACTER SET utf8 COLLATE utf8_general_ci NULL DEFAULT NULL COMMENT '菜单名',
  `icon` varchar(50) CHARACTER SET utf8 COLLATE utf8_general_ci NULL DEFAULT NULL COMMENT '图标编码',
  `code` varchar(100) CHARACTER SET utf8 COLLATE utf8_general_ci NULL DEFAULT NULL COMMENT '编码',
  `path` varchar(255) CHARACTER SET utf8 COLLATE utf8_general_ci NULL DEFAULT NULL COMMENT '菜单路径',
  `type` char(1) CHARACTER SET utf8 COLLATE utf8_general_ci NULL DEFAULT NULL COMMENT '菜单类型：0：菜单：1：页面：2：按钮',
  `sort` int(11) NULL DEFAULT NULL COMMENT '排序',
  `cache` char(1) CHARACTER SET utf8 COLLATE utf8_general_ci NULL DEFAULT NULL COMMENT '是否开启缓存：关联码表：whether',
  PRIMARY KEY (`id`) USING BTREE
) ENGINE = InnoDB CHARACTER SET = utf8 COLLATE = utf8_general_ci COMMENT = '菜单表' ROW_FORMAT = Dynamic;

-- ----------------------------
-- Records of sys_menu
-- ----------------------------
INSERT INTO `sys_menu` VALUES ('0a5a4e14e98e5273be154f44b3fc69b9', 'd8b62462014b47571175a2d9dbc47d26', '部门编辑', '', 'SYS_DEPT_UPDATE', NULL, '2', 1, NULL);
INSERT INTO `sys_menu` VALUES ('0d237ca74ad890c300a224902d1ae880', '1', '字典项管理', 'el-icon-menu', 'SYS_DICT', '/sys/dict/list', '1', 5, 'Y');
INSERT INTO `sys_menu` VALUES ('1', '0', '系统管理', 'el-icon-s-tools', 'SYS', '', '0', 1, NULL);
INSERT INTO `sys_menu` VALUES ('10', '1', '菜单管理', 'el-icon-s-grid', 'SYS_MENU', '/sys/menu/list', '1', 4, 'Y');
INSERT INTO `sys_menu` VALUES ('11', '10', '菜单编辑', '', 'SYS_MENU_UPDATE', '', '2', 1, NULL);
INSERT INTO `sys_menu` VALUES ('12', '10', '菜单新增', '', 'SYS_MENU_ADD', '', '2', 2, NULL);
INSERT INTO `sys_menu` VALUES ('13', '10', '菜单删除', '', 'SYS_MENU_DEL', '', '2', 3, NULL);
INSERT INTO `sys_menu` VALUES ('2', '1', '用户管理', 'el-icon-user-solid', 'SYS_USER', '/sys/user/list', '1', 2, 'Y');
INSERT INTO `sys_menu` VALUES ('3', '2', '用户编辑', '', 'SYS_USER_UPDATE', '', '2', 1, NULL);
INSERT INTO `sys_menu` VALUES ('3131b3aeb78f2c9f29009c23b1afe963', '2', '重置密码', '', 'SYS_USER_RESET_PASSWORD', '', '2', 4, NULL);
INSERT INTO `sys_menu` VALUES ('320a24cd612cff7cdd50fc4610967de5', '1', '操作日志', 'el-icon-view', 'SYS_OPER_LOG', '/sys/oper_log/list', '1', 6, 'Y');
INSERT INTO `sys_menu` VALUES ('33869f5dc0705de405067a5d36f684f4', 'd70ba274e68ff3d40376d8d6b57523c1', '任务修改', '', 'BASE_SCHEDULED_TASK_UPDATE', NULL, '2', 2, NULL);
INSERT INTO `sys_menu` VALUES ('4', '2', '用户新增', '', 'SYS_USER_ADD', '', '2', 2, NULL);
INSERT INTO `sys_menu` VALUES ('42d754cc5a3be65dc56029a8c0ec4b05', 'd8b62462014b47571175a2d9dbc47d26', '部门新增', '', 'SYS_DEPT_ADD', NULL, '2', 2, NULL);
INSERT INTO `sys_menu` VALUES ('4c6e74acf214c843a0526bbc566bedd8', '0d237ca74ad890c300a224902d1ae880', '字典新增', '', 'SYS_DICT_ADD', '', '2', 1, NULL);
INSERT INTO `sys_menu` VALUES ('5', '2', '用户删除', '', 'SYS_USER_DEL', '', '2', 3, NULL);
INSERT INTO `sys_menu` VALUES ('5a3490a51d26d2ca0949c845a8393965', 'd70ba274e68ff3d40376d8d6b57523c1', '任务新增', '', 'BASE_SCHEDULED_TASK_ADD', NULL, '2', 1, NULL);
INSERT INTO `sys_menu` VALUES ('5e2db6fa3eebbad27de5eaf97e7430ba', '0d237ca74ad890c300a224902d1ae880', '字典项编辑', '', 'SYS_DICT_ITEM_UPDATE', '', '2', 5, NULL);
INSERT INTO `sys_menu` VALUES ('6', '1', '角色管理', 'el-icon-user', 'SYS_ROLE', '/sys/role/list', '1', 3, 'Y');
INSERT INTO `sys_menu` VALUES ('6a894f406313aaad9be5745b26d9027c', '2', '用户状态修改', '', 'SYS_USER_UPDATE_STATE', '', '2', 6, NULL);
INSERT INTO `sys_menu` VALUES ('7', '6', '角色编辑', '', 'SYS_ROLE_UPDATE', '', '2', 1, NULL);
INSERT INTO `sys_menu` VALUES ('7150bbd7766b1458fc40b4225a6ccc0b', '6', '设置角色菜单', '', 'SYS_SET_MENU', '', '2', 4, NULL);
INSERT INTO `sys_menu` VALUES ('7f6368cdcf8dae04febe1c01d3a7651b', '0d237ca74ad890c300a224902d1ae880', '字典项新增', '', 'SYS_DICT_ITEM_ADD', '', '2', 4, NULL);
INSERT INTO `sys_menu` VALUES ('8', '6', '角色新增', '', 'SYS_ROLE_ADD', '', '2', 2, NULL);
INSERT INTO `sys_menu` VALUES ('8183c0c5d3e344391db8ac90a23333de', '2', '设置角色', '', 'SYS_USER_SET_ROLE', '', '2', 5, NULL);
INSERT INTO `sys_menu` VALUES ('864d0917a07e8239a68e89c9ac9aedb2', '0', '基础管理', 'el-icon-cpu', 'BASE', NULL, '0', 2, NULL);
INSERT INTO `sys_menu` VALUES ('890a85129f506f4e2b3001bcc77caa23', 'd70ba274e68ff3d40376d8d6b57523c1', '任务删除', '', 'BASE_SCHEDULED_TASK_DEL', NULL, '2', 3, NULL);
INSERT INTO `sys_menu` VALUES ('9', '6', '角色删除', '', 'SYS_ROLE_DEL', '', '2', 3, NULL);
INSERT INTO `sys_menu` VALUES ('aaba448cc76a70718ef4ea0417503d8c', '0d237ca74ad890c300a224902d1ae880', '字典删除', '', 'SYS_DICT_DEL', '', '2', 3, NULL);
INSERT INTO `sys_menu` VALUES ('b4c451e8dc9e42d5d49ad28af31ced5f', 'd70ba274e68ff3d40376d8d6b57523c1', '任务暂停', '', 'BASE_SCHEDULED_TASK_STOP', NULL, '2', 5, NULL);
INSERT INTO `sys_menu` VALUES ('c92c2d8ed9758cec6c91fa7f0c5c03ac', '320a24cd612cff7cdd50fc4610967de5', '日志删除', 'el-icon-delete', 'SYS_OPER_LOG_DEL', '', '2', 1, '');
INSERT INTO `sys_menu` VALUES ('d2bcf381ad24ff724c76f8afef7bf3cb', '0d237ca74ad890c300a224902d1ae880', '字典项删除', '', 'SYS_DICT_ITEM_DEL', '', '2', 6, NULL);
INSERT INTO `sys_menu` VALUES ('d67439eb5db1935bec808650953eafaa', 'd8b62462014b47571175a2d9dbc47d26', '部门删除', '', 'SYS_DEPT_DEL', NULL, '2', 3, NULL);
INSERT INTO `sys_menu` VALUES ('d70ba274e68ff3d40376d8d6b57523c1', '864d0917a07e8239a68e89c9ac9aedb2', '定时任务管理', 'el-icon-timer', 'BASE_SCHEDULED_TASK', '/base/scheduled_task/list', '1', 1, 'Y');
INSERT INTO `sys_menu` VALUES ('d8b62462014b47571175a2d9dbc47d26', '1', '部门管理', 'el-icon-s-home', 'SYS_DEPT', '/sys/dept/list', '1', 1, 'Y');
INSERT INTO `sys_menu` VALUES ('e5486f03aa70e7cfdeabcae8e3090096', 'd70ba274e68ff3d40376d8d6b57523c1', '任务开启', '', 'BASE_SCHEDULED_TASK_START', NULL, '2', 4, NULL);
INSERT INTO `sys_menu` VALUES ('ed7eed436e6c5a1e86c0df021096f8a8', '0d237ca74ad890c300a224902d1ae880', '字典编辑', '', 'SYS_DICT_UPDATE', '', '2', 2, NULL);

-- ----------------------------
-- Table structure for sys_menu_role
-- ----------------------------
DROP TABLE IF EXISTS `sys_menu_role`;
CREATE TABLE `sys_menu_role`  (
  `id` varchar(50) CHARACTER SET utf8 COLLATE utf8_general_ci NOT NULL COMMENT '主键',
  `role_id` varchar(50) CHARACTER SET utf8 COLLATE utf8_general_ci NULL DEFAULT NULL COMMENT '权限id',
  `menu_id` varchar(50) CHARACTER SET utf8 COLLATE utf8_general_ci NULL DEFAULT NULL COMMENT '菜单id',
  PRIMARY KEY (`id`) USING BTREE
) ENGINE = InnoDB CHARACTER SET = utf8 COLLATE = utf8_general_ci COMMENT = '权限菜单表' ROW_FORMAT = Dynamic;

-- ----------------------------
-- Records of sys_menu_role
-- ----------------------------
INSERT INTO `sys_menu_role` VALUES ('00575c607f60d75018de6480dc8530c6', '1', '11');
INSERT INTO `sys_menu_role` VALUES ('03556171889d19f97fe5bf4509b711bd', '1', '5');
INSERT INTO `sys_menu_role` VALUES ('036f99c316109e047044157f8f82cd77', '1', '7f6368cdcf8dae04febe1c01d3a7651b');
INSERT INTO `sys_menu_role` VALUES ('0372e6e6efe53c71c5bb3ae0c2cd2b22', '1', '5a3490a51d26d2ca0949c845a8393965');
INSERT INTO `sys_menu_role` VALUES ('052572587dcfca4928a5fad74e873631', '1b82d1c7556352cf84bfdfe8248e8ad1', '5');
INSERT INTO `sys_menu_role` VALUES ('05a7f8a3d99ef118bd360da09271f7e3', '1b82d1c7556352cf84bfdfe8248e8ad1', '8183c0c5d3e344391db8ac90a23333de');
INSERT INTO `sys_menu_role` VALUES ('07f7a4636b666f8bb8e3f2b605af7f86', 'b243975d18bf1728bd39ad22e22dbea2', '33869f5dc0705de405067a5d36f684f4');
INSERT INTO `sys_menu_role` VALUES ('0c19a50cfc2b9682e10ab2e71b981112', 'b243975d18bf1728bd39ad22e22dbea2', 'e5486f03aa70e7cfdeabcae8e3090096');
INSERT INTO `sys_menu_role` VALUES ('167e5eff5ab936d102bfae48caa01031', 'b243975d18bf1728bd39ad22e22dbea2', '5a3490a51d26d2ca0949c845a8393965');
INSERT INTO `sys_menu_role` VALUES ('1bbff24522840ce6473c80ec840149d9', '1b82d1c7556352cf84bfdfe8248e8ad1', '2');
INSERT INTO `sys_menu_role` VALUES ('1f6420dde3e68f61da0cdf505cb736bf', '2', '10');
INSERT INTO `sys_menu_role` VALUES ('2b69a681f7aa29285cdae9fa9648fbb2', '1b82d1c7556352cf84bfdfe8248e8ad1', '4');
INSERT INTO `sys_menu_role` VALUES ('2cbd099c4683401ad8111ac627b487c8', 'b243975d18bf1728bd39ad22e22dbea2', '864d0917a07e8239a68e89c9ac9aedb2');
INSERT INTO `sys_menu_role` VALUES ('31bd3960e3dd42b8da9aa6704c66a3fa', '1', '2');
INSERT INTO `sys_menu_role` VALUES ('345fdc872591b62f625f8fb63213c519', '1', 'c92c2d8ed9758cec6c91fa7f0c5c03ac');
INSERT INTO `sys_menu_role` VALUES ('3d3079198062997b29ca896bc82c398c', '1', '3');
INSERT INTO `sys_menu_role` VALUES ('3e6db3c411c7b088834f08d923e3866b', '1', '320a24cd612cff7cdd50fc4610967de5');
INSERT INTO `sys_menu_role` VALUES ('4a2826b5c811878c8094c8c52e3c62a8', '1', '10');
INSERT INTO `sys_menu_role` VALUES ('4d48583bcb9a06cbe148ea43810f7d6a', '1b82d1c7556352cf84bfdfe8248e8ad1', '3');
INSERT INTO `sys_menu_role` VALUES ('4e5b4fe27355ec4ebf8387008419295f', 'b243975d18bf1728bd39ad22e22dbea2', 'd70ba274e68ff3d40376d8d6b57523c1');
INSERT INTO `sys_menu_role` VALUES ('50b69c184aa131accfe57b755a99526c', '1', '8');
INSERT INTO `sys_menu_role` VALUES ('51e14270eced9dce42035c883661ecfc', '1', '0d237ca74ad890c300a224902d1ae880');
INSERT INTO `sys_menu_role` VALUES ('520fa8e294602ac297eb7f54a5d35055', '1', 'd67439eb5db1935bec808650953eafaa');
INSERT INTO `sys_menu_role` VALUES ('58ee1b376fa34796c772681e0f2e90f6', '1', '42d754cc5a3be65dc56029a8c0ec4b05');
INSERT INTO `sys_menu_role` VALUES ('5f1270c618d2e260e75fc064e78cac8f', '1', 'b4c451e8dc9e42d5d49ad28af31ced5f');
INSERT INTO `sys_menu_role` VALUES ('619157fa68c5def4a65f4b62cb0bdcdd', '1', 'd70ba274e68ff3d40376d8d6b57523c1');
INSERT INTO `sys_menu_role` VALUES ('66a72d8d07269631fa1a0ccb3deca516', 'b243975d18bf1728bd39ad22e22dbea2', '890a85129f506f4e2b3001bcc77caa23');
INSERT INTO `sys_menu_role` VALUES ('6722bd0a5fce2f77ceef7ce9353b911d', '2', '1');
INSERT INTO `sys_menu_role` VALUES ('69816f66ae92680318db4fc96e863b7a', '1', '4');
INSERT INTO `sys_menu_role` VALUES ('6e98b133b4f78e172ddc225ef2c64b3a', '1', '890a85129f506f4e2b3001bcc77caa23');
INSERT INTO `sys_menu_role` VALUES ('79d90fd5420b263fe3e2d60d8e08094f', 'b243975d18bf1728bd39ad22e22dbea2', 'b4c451e8dc9e42d5d49ad28af31ced5f');
INSERT INTO `sys_menu_role` VALUES ('8a0f20e4a3b02042762337ffe9a8e856', '1', '864d0917a07e8239a68e89c9ac9aedb2');
INSERT INTO `sys_menu_role` VALUES ('975b4636f0e0de4403a897fcdff3a445', '1', '5e2db6fa3eebbad27de5eaf97e7430ba');
INSERT INTO `sys_menu_role` VALUES ('9923cbb461b23f2dbeae17ba4580b085', '1', '12');
INSERT INTO `sys_menu_role` VALUES ('99544283a9ac7430501639f0b1c9a081', '1', '7');
INSERT INTO `sys_menu_role` VALUES ('9e16201edd0397ca259f07bddc34c303', '1', '7150bbd7766b1458fc40b4225a6ccc0b');
INSERT INTO `sys_menu_role` VALUES ('a3b70c69aec4caa3f223fb773200729a', '94e6bcf1525edb74774ef07a6c3e8c74', '1');
INSERT INTO `sys_menu_role` VALUES ('bab3d53a6e590f0f13b981c01287952a', '1', 'd2bcf381ad24ff724c76f8afef7bf3cb');
INSERT INTO `sys_menu_role` VALUES ('c0f4b1e47f5132d2318b80ee62f6ea47', '1', 'd8b62462014b47571175a2d9dbc47d26');
INSERT INTO `sys_menu_role` VALUES ('c2d6faae4b6f13778363a47eb5072fe7', '1', '1');
INSERT INTO `sys_menu_role` VALUES ('c991c59ee899528d74d2ab7e76ec8acb', '1b82d1c7556352cf84bfdfe8248e8ad1', '3131b3aeb78f2c9f29009c23b1afe963');
INSERT INTO `sys_menu_role` VALUES ('c9e33cb90357885e3dcced3c1dfc6d93', '1', 'aaba448cc76a70718ef4ea0417503d8c');
INSERT INTO `sys_menu_role` VALUES ('ca729bf3c1099278667e2127fe818dcb', '1', '3131b3aeb78f2c9f29009c23b1afe963');
INSERT INTO `sys_menu_role` VALUES ('cc8536607b60f6b121256c8e5e1b8cb8', '1', '33869f5dc0705de405067a5d36f684f4');
INSERT INTO `sys_menu_role` VALUES ('ce41a89552d6edd38a452da752665fa5', '1', '13');
INSERT INTO `sys_menu_role` VALUES ('d854a33ca33c836eae0e137f06a46fed', '1', 'e5486f03aa70e7cfdeabcae8e3090096');
INSERT INTO `sys_menu_role` VALUES ('da1b59c1dd94d7444543324d625b3c99', '1', 'ed7eed436e6c5a1e86c0df021096f8a8');
INSERT INTO `sys_menu_role` VALUES ('db30c829e30c7d575ef05a2b888ede86', '1', '6');
INSERT INTO `sys_menu_role` VALUES ('dbe8aafcc5538cfb8defa217860f6dce', '1b82d1c7556352cf84bfdfe8248e8ad1', '1');
INSERT INTO `sys_menu_role` VALUES ('e073f9da49358618c72092853fcb65da', '1', '9');
INSERT INTO `sys_menu_role` VALUES ('e0974c8edf02a813f6a8c5b472098361', '1', '0a5a4e14e98e5273be154f44b3fc69b9');
INSERT INTO `sys_menu_role` VALUES ('e72e93e5b656107fd38196ded96d6836', '15e585598274f4862ae1373e1495c14b', '1');
INSERT INTO `sys_menu_role` VALUES ('e989e5591dae11162209ed9199da55dc', '1', '6a894f406313aaad9be5745b26d9027c');
INSERT INTO `sys_menu_role` VALUES ('ec1fb537079331647f6d1289866b8902', '1', '4c6e74acf214c843a0526bbc566bedd8');
INSERT INTO `sys_menu_role` VALUES ('f624af5cd718576301e1710c05b95b08', '1', '8183c0c5d3e344391db8ac90a23333de');

-- ----------------------------
-- Table structure for sys_oper_log
-- ----------------------------
DROP TABLE IF EXISTS `sys_oper_log`;
CREATE TABLE `sys_oper_log`  (
  `id` varchar(32) CHARACTER SET utf8 COLLATE utf8_general_ci NOT NULL COMMENT '日志ID',
  `title` varchar(50) CHARACTER SET utf8 COLLATE utf8_general_ci NULL DEFAULT NULL COMMENT '模块标题',
  `oper_type` char(2) CHARACTER SET utf8 COLLATE utf8_general_ci NULL DEFAULT NULL COMMENT '操作类型（关联码表：oper_log_type）\"',
  `method_name` varchar(100) CHARACTER SET utf8 COLLATE utf8_general_ci NULL DEFAULT NULL COMMENT '方法名称',
  `request_method` varchar(10) CHARACTER SET utf8 COLLATE utf8_general_ci NULL DEFAULT NULL COMMENT '请求方式',
  `user_id` varchar(32) CHARACTER SET utf8 COLLATE utf8_general_ci NULL DEFAULT NULL COMMENT '操作用户',
  `oper_url` varchar(200) CHARACTER SET utf8 COLLATE utf8_general_ci NULL DEFAULT NULL COMMENT '请求URL',
  `oper_ip` varchar(100) CHARACTER SET utf8 COLLATE utf8_general_ci NULL DEFAULT NULL COMMENT '主机地址',
  `param` text CHARACTER SET utf8 COLLATE utf8_general_ci NULL COMMENT '请求参数',
  `msg` varchar(300) CHARACTER SET utf8 COLLATE utf8_general_ci NULL DEFAULT NULL COMMENT '操作说明',
  `states` varchar(300) CHARACTER SET utf8 COLLATE utf8_general_ci NULL DEFAULT NULL COMMENT '操作状态 关联字典oper_log_states（0正常1异常）',
  `err_msg` varchar(300) CHARACTER SET utf8 COLLATE utf8_general_ci NULL DEFAULT NULL COMMENT '错误信息',
  `oper_time` datetime(0) NULL DEFAULT NULL COMMENT '操作时间',
  PRIMARY KEY (`id`) USING BTREE
) ENGINE = InnoDB CHARACTER SET = utf8 COLLATE = utf8_general_ci COMMENT = '系统操作日志' ROW_FORMAT = Dynamic;

-- ----------------------------
-- Records of sys_oper_log
-- ----------------------------
INSERT INTO `sys_oper_log` VALUES ('0054a8cd87ee28958426013023dbb84d', '/sys-dept', '01', 'com.ht.module.sys.controller.SysDeptController', 'GET', '1', '/back/sys-dept/findTree', '192.168.3.118', '{\"en\":{}}', '获取部门树', '0', NULL, '2023-08-02 10:03:55');
INSERT INTO `sys_oper_log` VALUES ('00ceeda3211a96c110b74cbe3de79007', '/sys-role', '01', 'com.ht.module.sys.controller.SysRoleController', 'GET', '1', '/back/sys-role/findPage', '192.168.3.118', '{\"pager\":{\"current\":1,\"hitCount\":false,\"limit\":20,\"offset\":0,\"orderByClause\":\"create_date desc\",\"orders\":[{\"asc\":false,\"column\":\"create_date\"}],\"pages\":0,\"records\":[],\"searchCount\":true,\"size\":20,\"sortdatafield\":\"create_date\",\"sortorder\":\"desc\",\"total\":0},\"en\":{\"custom\":[],\"menus\":[]}}', '分页查询角色', '0', NULL, '2023-05-06 09:39:30');
INSERT INTO `sys_oper_log` VALUES ('00f6bb578673adde441f0137551b5ef3', '/sys-user', '01', 'com.ht.module.sys.controller.SysUserController', 'GET', '1', '/back/sys-user/findPage', '192.168.3.118', '{\"pager\":{\"current\":1,\"hitCount\":false,\"limit\":20,\"offset\":0,\"orderByClause\":\"create_date desc\",\"orders\":[{\"asc\":false,\"column\":\"create_date\"}],\"pages\":1,\"records\":[],\"searchCount\":true,\"size\":20,\"sortdatafield\":\"create_date\",\"sortorder\":\"desc\",\"total\":2},\"en\":{}}', '分页查询用户信息', '0', NULL, '2023-08-02 15:16:00');
INSERT INTO `sys_oper_log` VALUES ('01071d8696669da31df16acb053cdd49', '/sys-user', '01', 'com.ht.module.sys.controller.SysUserController', 'GET', '1', '/back/sys-user/findPage', '192.168.3.118', '{\"pager\":{\"current\":1,\"hitCount\":false,\"limit\":20,\"offset\":0,\"orderByClause\":\"create_date desc\",\"orders\":[{\"asc\":false,\"column\":\"create_date\"}],\"pages\":0,\"records\":[],\"searchCount\":true,\"size\":20,\"sortdatafield\":\"create_date\",\"sortorder\":\"desc\",\"total\":0},\"en\":{}}', '分页查询用户信息', '0', NULL, '2023-08-02 15:27:59');
INSERT INTO `sys_oper_log` VALUES ('01449522972ca610072318b67f70e391', '/sys-dept', '01', 'com.ht.module.sys.controller.SysDeptController', 'GET', '1', '/back/sys-dept/findTreeAuth', '192.168.3.118', '{\"en\":{}}', '携带权限查询部门树', '0', NULL, '2023-08-02 15:17:12');
INSERT INTO `sys_oper_log` VALUES ('01ee8662e36640b2cb8b7a3b2cea24a6', '/sys-dept', '01', 'com.ht.module.sys.controller.SysDeptController', 'GET', '1', '/back/sys-dept/findTreeAuth', '192.168.3.118', '{\"en\":{}}', '携带权限查询部门树', '0', NULL, '2023-08-02 15:27:41');
INSERT INTO `sys_oper_log` VALUES ('0230023ad9e5093c5714a6d45e5587ac', '/sys-dept', '01', 'com.ht.module.sys.controller.SysDeptController', 'GET', '1', '/back/sys-dept/findTreeAuth', '192.168.3.118', '{\"en\":{}}', '携带权限查询部门树', '0', NULL, '2023-08-02 10:20:22');
INSERT INTO `sys_oper_log` VALUES ('026ed8bf0ab707ed1b51f6fe5200072f', '/sys-dept', '01', 'com.ht.module.sys.controller.SysDeptController', 'GET', '1', '/back/sys-dept/findTreeAuth', '192.168.3.118', '{\"en\":{}}', '携带权限查询部门树', '0', NULL, '2023-08-02 15:12:02');
INSERT INTO `sys_oper_log` VALUES ('02827fe8c4f2382fa1c88c62e568091c', '/sys-dept', '01', 'com.ht.module.sys.controller.SysDeptController', 'GET', '1', '/back/sys-dept/findTreeAuth', '192.168.3.118', '{\"en\":{}}', '携带权限查询部门树', '0', NULL, '2023-08-02 10:04:10');
INSERT INTO `sys_oper_log` VALUES ('02c58d1626d543809a7e08f11c8b0f7b', '/sys-dept', '01', 'com.ht.module.sys.controller.SysDeptController', 'GET', '1', '/back/sys-dept/findTreeAuth', '192.168.3.118', '{\"en\":{}}', '携带权限查询部门树', '0', NULL, '2023-08-02 11:27:47');
INSERT INTO `sys_oper_log` VALUES ('02c7483e4a9385e29e9f50c42bf2e61d', '/sys-dept', '01', 'com.ht.module.sys.controller.SysDeptController', 'GET', '1', '/back/sys-dept/findTreeAuth', '192.168.3.118', '{\"en\":{}}', '携带权限查询部门树', '0', NULL, '2023-08-02 15:31:24');
INSERT INTO `sys_oper_log` VALUES ('0349a3d27e606302b9551283ae17339c', '/sys-role', '02', 'com.ht.module.sys.controller.SysRoleController', 'POST', '1', '/back/sys-role/add', '192.168.3.118', '{\"sysRole\":{\"code\":\"test\",\"custom\":[\"fad2038681bfee0320dc6f1b0b375ee8\"],\"dataAuthority\":\"99\",\"id\":\"\",\"menus\":[],\"name\":\"测试角色\"}}', '新增角色', '0', NULL, '2023-08-02 15:22:45');
INSERT INTO `sys_oper_log` VALUES ('049641a2a9afe08335c603b78e609639', '/sys-role', '01', 'com.ht.module.sys.controller.SysRoleController', 'GET', '1', '/back/sys-role/findList', '192.168.3.118', '{\"en\":{\"custom\":[],\"menus\":[]}}', '列表查询角色', '0', NULL, '2023-08-02 15:27:43');
INSERT INTO `sys_oper_log` VALUES ('04a76743f8c9a669ce8806c370537c96', '/sys-role', '01', 'com.ht.module.sys.controller.SysRoleController', 'GET', '1', '/back/sys-role/findPage', '192.168.3.118', '{\"pager\":{\"current\":1,\"hitCount\":false,\"limit\":20,\"offset\":0,\"orderByClause\":\"create_date desc\",\"orders\":[{\"asc\":false,\"column\":\"create_date\"}],\"pages\":0,\"records\":[],\"searchCount\":true,\"size\":20,\"sortdatafield\":\"create_date\",\"sortorder\":\"desc\",\"total\":0},\"en\":{\"custom\":[],\"menus\":[]}}', '分页查询角色', '0', NULL, '2023-08-02 11:42:59');
INSERT INTO `sys_oper_log` VALUES ('04d9174151edb90a3e6083917cfe70bf', '/sys-dept', '01', 'com.ht.module.sys.controller.SysDeptController', 'GET', '1', '/back/sys-dept/findTreeAuth', '192.168.3.118', '{\"en\":{}}', '携带权限查询部门树', '0', NULL, '2023-08-02 11:29:23');
INSERT INTO `sys_oper_log` VALUES ('0591228395810d1d93812b281539c968', '/sys-dept', '01', 'com.ht.module.sys.controller.SysDeptController', 'GET', '1', '/back/sys-dept/findTreeAuth', '192.168.3.118', '{\"en\":{}}', '携带权限查询部门树', '0', NULL, '2023-08-02 15:11:09');
INSERT INTO `sys_oper_log` VALUES ('05d85feabc9bed60a5d54c58ec86a4b4', '/sys-dict', '01', 'com.ht.module.sys.controller.SysDictController', 'GET', '1', '/back/sys-dict/findPage', '192.168.3.118', '{\"pager\":{\"current\":1,\"hitCount\":false,\"limit\":20,\"offset\":0,\"orderByClause\":\"create_date desc\",\"orders\":[{\"asc\":false,\"column\":\"create_date\"}],\"pages\":0,\"records\":[],\"searchCount\":true,\"size\":20,\"sortdatafield\":\"create_date\",\"sortorder\":\"desc\",\"total\":0},\"sysDict\":{}}', '分页查询字典', '0', NULL, '2023-08-02 15:37:01');
INSERT INTO `sys_oper_log` VALUES ('06da73bc3bedb76d5b594797c01c595a', '/sys-dept', '01', 'com.ht.module.sys.controller.SysDeptController', 'GET', '1', '/back/sys-dept/findTreeAuth', '192.168.3.118', '{\"en\":{}}', '携带权限查询部门树', '0', NULL, '2023-08-02 11:01:22');
INSERT INTO `sys_oper_log` VALUES ('06db895a90aab75c58739c75404cd1f5', '/sys-dept', '01', 'com.ht.module.sys.controller.SysDeptController', 'GET', '1', '/back/sys-dept/findTreeAuth', '192.168.3.118', '{\"en\":{}}', '携带权限查询部门树', '0', NULL, '2023-08-02 10:57:54');
INSERT INTO `sys_oper_log` VALUES ('06f2793c27ffd0a57a4eb65acae590a4', '/base-scheduled-task', '09', 'com.ht.module.base.controller.BaseScheduledTaskController', 'POST', '1', '/back/base-scheduled-task/start/d2767a9fa7ef1f4c8a1faadf87ba211c', '192.168.3.118', '{\"id\":\"d2767a9fa7ef1f4c8a1faadf87ba211c\"}', '激活定时任务', '0', NULL, '2023-05-06 09:39:35');
INSERT INTO `sys_oper_log` VALUES ('07b48891b0b7679cd806e2237c29b0b3', '/base-scheduled-task', '01', 'com.ht.module.base.controller.BaseScheduledTaskController', 'GET', '1', '/back/base-scheduled-task/findPage', '192.168.3.118', '{\"pager\":{\"current\":1,\"hitCount\":false,\"limit\":20,\"offset\":0,\"orderByClause\":\"create_date desc\",\"orders\":[{\"asc\":false,\"column\":\"create_date\"}],\"pages\":0,\"records\":[],\"searchCount\":true,\"size\":20,\"sortdatafield\":\"create_date\",\"sortorder\":\"desc\",\"total\":0},\"en\":{}}', '分页查询定时任务', '0', NULL, '2023-08-02 15:30:06');
INSERT INTO `sys_oper_log` VALUES ('081eb75d4cb88f413d03d90991cde924', '/sys-dept', '01', 'com.ht.module.sys.controller.SysDeptController', 'GET', '1', '/back/sys-dept/findTree', '192.168.3.118', '{\"en\":{}}', '获取部门树', '0', NULL, '2023-08-02 11:24:49');
INSERT INTO `sys_oper_log` VALUES ('082288fe29e1abc2d43b0c716150e6ba', '/sys-dict', '01', 'com.ht.module.sys.controller.SysDictController', 'GET', '1', '/back/sys-dict/findPage', '192.168.3.118', '{\"pager\":{\"current\":1,\"hitCount\":false,\"limit\":20,\"offset\":0,\"orderByClause\":\"create_date desc\",\"orders\":[{\"asc\":false,\"column\":\"create_date\"}],\"pages\":0,\"records\":[],\"searchCount\":true,\"size\":20,\"sortdatafield\":\"create_date\",\"sortorder\":\"desc\",\"total\":0},\"sysDict\":{}}', '分页查询字典', '0', NULL, '2023-08-02 11:28:45');
INSERT INTO `sys_oper_log` VALUES ('082c9e19da9dba806b226e41b9907b72', '/sys-user', '01', 'com.ht.module.sys.controller.SysUserController', 'GET', '1', '/back/sys-user/findPage', '192.168.3.118', '{\"pager\":{\"current\":1,\"hitCount\":false,\"limit\":20,\"offset\":0,\"orderByClause\":\"create_date desc\",\"orders\":[{\"asc\":false,\"column\":\"create_date\"}],\"pages\":0,\"records\":[],\"searchCount\":true,\"size\":20,\"sortdatafield\":\"create_date\",\"sortorder\":\"desc\",\"total\":0},\"en\":{}}', '分页查询用户信息', '0', NULL, '2023-08-02 15:27:13');
INSERT INTO `sys_oper_log` VALUES ('084f36ace86d5c9e20ddefecaa0397e1', '/sys-role', '01', 'com.ht.module.sys.controller.SysRoleController', 'GET', '1', '/back/sys-role/findList', '192.168.3.118', '{\"en\":{\"custom\":[],\"menus\":[]}}', '列表查询角色', '0', NULL, '2023-08-02 15:18:09');
INSERT INTO `sys_oper_log` VALUES ('098879294ed0ba3ceb3c690d8bb1bea4', '/sys-role', '01', 'com.ht.module.sys.controller.SysRoleController', 'GET', '1', '/back/sys-role/findList', '192.168.3.118', '{\"en\":{\"custom\":[],\"menus\":[]}}', '列表查询角色', '0', NULL, '2023-08-02 10:58:20');
INSERT INTO `sys_oper_log` VALUES ('0ab40059e4175d83a055f65abc0d5997', '/sys-dept', '01', 'com.ht.module.sys.controller.SysDeptController', 'GET', '1', '/back/sys-dept/findTreeAuth', '192.168.3.118', '{\"en\":{}}', '携带权限查询部门树', '0', NULL, '2023-08-02 15:16:52');
INSERT INTO `sys_oper_log` VALUES ('0afa384da70246b8dbda3e373fa21e3e', '/sys-role', '01', 'com.ht.module.sys.controller.SysRoleController', 'GET', '1', '/back/sys-role/findPage', '192.168.3.118', '{\"pager\":{\"current\":1,\"hitCount\":false,\"limit\":20,\"offset\":0,\"orderByClause\":\"create_date desc\",\"orders\":[{\"asc\":false,\"column\":\"create_date\"}],\"pages\":0,\"records\":[],\"searchCount\":true,\"size\":20,\"sortdatafield\":\"create_date\",\"sortorder\":\"desc\",\"total\":0},\"en\":{\"custom\":[],\"menus\":[]}}', '分页查询角色', '0', NULL, '2023-08-02 15:11:09');
INSERT INTO `sys_oper_log` VALUES ('0b8921aa00e7e5c2c7491c6e467d8f9a', '/sys-dept', '01', 'com.ht.module.sys.controller.SysDeptController', 'GET', '1', '/back/sys-dept/findTreeAuth', '192.168.3.118', '{\"en\":{}}', '携带权限查询部门树', '0', NULL, '2023-08-02 10:58:20');
INSERT INTO `sys_oper_log` VALUES ('0c2fcac8aaa12a7e6e7014c403df2a76', '/sys-dept', '01', 'com.ht.module.sys.controller.SysDeptController', 'GET', 'af2ed49dcffaa2b45225b5b752798422', '/back/sys-dept/findTreeAuth', '192.168.3.118', '{\"en\":{}}', '携带权限查询部门树', '0', NULL, '2023-08-02 15:13:55');
INSERT INTO `sys_oper_log` VALUES ('0c47e5f0e331688c733314571d156388', '/sys-dept', '01', 'com.ht.module.sys.controller.SysDeptController', 'GET', '1', '/back/sys-dept/findTreeAuth', '192.168.3.118', '{\"en\":{}}', '携带权限查询部门树', '0', NULL, '2023-08-02 15:21:46');
INSERT INTO `sys_oper_log` VALUES ('0c7fa863a402512638e676f8f6123f37', '/sys-menu', '01', 'com.ht.module.sys.controller.SysMenuController', 'GET', '1', '/back/sys-menu/findMenuTree', '192.168.3.118', '{}', '查询出菜单树', '0', NULL, '2023-08-02 15:10:23');
INSERT INTO `sys_oper_log` VALUES ('0d0d56071313a267ebd8b4769dae5f47', '/sys-user', '01', 'com.ht.module.sys.controller.SysUserController', 'GET', '1', '/back/sys-user/findPage', '192.168.3.118', '{\"pager\":{\"current\":1,\"hitCount\":false,\"limit\":20,\"offset\":0,\"orderByClause\":\"create_date desc\",\"orders\":[{\"asc\":false,\"column\":\"create_date\"}],\"pages\":1,\"records\":[],\"searchCount\":true,\"size\":20,\"sortdatafield\":\"create_date\",\"sortorder\":\"desc\",\"total\":3},\"en\":{}}', '分页查询用户信息', '0', NULL, '2023-08-02 15:17:26');
INSERT INTO `sys_oper_log` VALUES ('0d5ab80f02f9d0e7a23c226c99f5d47d', '/sys-role', '01', 'com.ht.module.sys.controller.SysRoleController', 'GET', '1', '/back/sys-role/findList', '192.168.3.118', '{\"en\":{\"custom\":[],\"menus\":[]}}', '列表查询角色', '0', NULL, '2023-08-02 15:29:42');
INSERT INTO `sys_oper_log` VALUES ('0d655246841f30a859510f8c6b9347d6', '/sys-user', '01', 'com.ht.module.sys.controller.SysUserController', 'GET', '1', '/back/sys-user/findPage', '192.168.3.118', '{\"pager\":{\"current\":1,\"hitCount\":false,\"limit\":20,\"offset\":0,\"orderByClause\":\"create_date desc\",\"orders\":[{\"asc\":false,\"column\":\"create_date\"}],\"pages\":0,\"records\":[],\"searchCount\":true,\"size\":20,\"sortdatafield\":\"create_date\",\"sortorder\":\"desc\",\"total\":0},\"en\":{}}', '分页查询用户信息', '0', NULL, '2023-08-02 15:30:02');
INSERT INTO `sys_oper_log` VALUES ('0e5d87ebcac0a52100764529e2b515f0', '/sys-dict', '01', 'com.ht.module.sys.controller.SysDictController', 'GET', '1', '/back/sys-dict/findPage', '192.168.3.118', '{\"pager\":{\"current\":1,\"hitCount\":false,\"limit\":20,\"offset\":0,\"orderByClause\":\"create_date desc\",\"orders\":[{\"asc\":false,\"column\":\"create_date\"}],\"pages\":0,\"records\":[],\"searchCount\":true,\"size\":20,\"sortdatafield\":\"create_date\",\"sortorder\":\"desc\",\"total\":0},\"sysDict\":{}}', '分页查询字典', '0', NULL, '2023-08-02 11:29:24');
INSERT INTO `sys_oper_log` VALUES ('0e7127d69f4062dbf90f900b372375c2', '/sys-dept', '01', 'com.ht.module.sys.controller.SysDeptController', 'GET', '1', '/back/sys-dept/findTree', '192.168.3.118', '{\"en\":{}}', '获取部门树', '0', NULL, '2023-08-02 15:29:42');
INSERT INTO `sys_oper_log` VALUES ('0e752876cada862b3505486f9ccbbd11', '/sys-user', '01', 'com.ht.module.sys.controller.SysUserController', 'GET', '1', '/back/sys-user/findPage', '192.168.3.118', '{\"pager\":{\"current\":1,\"hitCount\":false,\"limit\":20,\"offset\":0,\"orderByClause\":\"create_date desc\",\"orders\":[{\"asc\":false,\"column\":\"create_date\"}],\"pages\":0,\"records\":[],\"searchCount\":true,\"size\":20,\"sortdatafield\":\"create_date\",\"sortorder\":\"desc\",\"total\":0},\"en\":{}}', '分页查询用户信息', '0', NULL, '2023-08-02 10:20:22');
INSERT INTO `sys_oper_log` VALUES ('0e90f66e7a917059ebca7798e39e1d7e', '/sys-user', '03', 'com.ht.module.sys.controller.SysUserController', 'POST', '1', '/back/sys-user/setRoles', '192.168.3.118', '{\"sysUser\":{\"id\":\"1\",\"roles\":[\"b243975d18bf1728bd39ad22e22dbea2\",\"1\"]}}', '设置用户角色', '0', NULL, '2023-08-02 15:22:16');
INSERT INTO `sys_oper_log` VALUES ('0e9f393bd0fe1dadeba34e7043ab7586', '/sys-role', '01', 'com.ht.module.sys.controller.SysRoleController', 'GET', '1', '/back/sys-role/findList', '192.168.3.118', '{\"en\":{\"custom\":[],\"menus\":[]}}', '列表查询角色', '0', NULL, '2023-08-02 10:58:11');
INSERT INTO `sys_oper_log` VALUES ('0e9f529163d5118b342b6a6879cda3bc', '/sys-role-auth', '01', 'com.ht.module.sys.controller.SysRoleAuthController', 'GET', '1', '/back/sys-role-auth/findCustomByRoleId/1', '192.168.3.118', '{\"roleId\":\"1\"}', '通过角色ID获取角色自定义权限', '0', NULL, '2023-08-02 15:22:24');
INSERT INTO `sys_oper_log` VALUES ('0ed054159927cf4de1a12927497f1726', '/base-scheduled-task', '01', 'com.ht.module.base.controller.BaseScheduledTaskController', 'GET', '1', '/back/base-scheduled-task/findPage', '192.168.3.118', '{\"pager\":{\"current\":1,\"hitCount\":false,\"limit\":20,\"offset\":0,\"orderByClause\":\"create_date desc\",\"orders\":[{\"asc\":false,\"column\":\"create_date\"}],\"pages\":0,\"records\":[],\"searchCount\":true,\"size\":20,\"sortdatafield\":\"create_date\",\"sortorder\":\"desc\",\"total\":0},\"en\":{}}', '分页查询定时任务', '0', NULL, '2023-08-02 10:59:15');
INSERT INTO `sys_oper_log` VALUES ('0ef465a309aca93588148a8b4c53b6a6', '/sys-dept', '01', 'com.ht.module.sys.controller.SysDeptController', 'GET', '1', '/back/sys-dept/findTreeAuth', '192.168.3.118', '{\"en\":{}}', '携带权限查询部门树', '0', NULL, '2023-08-02 15:37:01');
INSERT INTO `sys_oper_log` VALUES ('0f796740af7eeb5eb36f17406526fea1', '/sys-user', '01', 'com.ht.module.sys.controller.SysUserController', 'GET', '1', '/back/sys-user/findPage', '192.168.3.118', '{\"pager\":{\"current\":1,\"hitCount\":false,\"limit\":20,\"offset\":0,\"orderByClause\":\"create_date desc\",\"orders\":[{\"asc\":false,\"column\":\"create_date\"}],\"pages\":1,\"records\":[],\"searchCount\":true,\"size\":20,\"sortdatafield\":\"create_date\",\"sortorder\":\"desc\",\"total\":2},\"en\":{}}', '分页查询用户信息', '0', NULL, '2023-08-02 15:16:01');
INSERT INTO `sys_oper_log` VALUES ('104f194ff26418b5e0a8188ff9d9c9a5', '/sys-role', '01', 'com.ht.module.sys.controller.SysRoleController', 'GET', '1', '/back/sys-role/findList', '192.168.3.118', '{\"en\":{\"custom\":[],\"menus\":[]}}', '列表查询角色', '0', NULL, '2023-08-02 10:12:19');
INSERT INTO `sys_oper_log` VALUES ('10b78dca9f459f67322b33bbed5845fa', '/sys-dept', '01', 'com.ht.module.sys.controller.SysDeptController', 'GET', '1', '/back/sys-dept/findTreeAuth', '192.168.3.118', '{\"en\":{}}', '携带权限查询部门树', '0', NULL, '2023-08-02 15:32:11');
INSERT INTO `sys_oper_log` VALUES ('11250cf430c9d532e7beb881572f12e0', '/sys-dept', '01', 'com.ht.module.sys.controller.SysDeptController', 'GET', '1', '/back/sys-dept/findTreeAuth', '192.168.3.118', '{\"en\":{}}', '携带权限查询部门树', '0', NULL, '2023-08-02 15:16:56');
INSERT INTO `sys_oper_log` VALUES ('118ae8af7869877686cfb14de4552d03', '/sys-user', '01', 'com.ht.module.sys.controller.SysUserController', 'GET', '1', '/back/sys-user/findPage', '192.168.3.118', '{\"pager\":{\"current\":1,\"hitCount\":false,\"limit\":20,\"offset\":0,\"orderByClause\":\"create_date desc\",\"orders\":[{\"asc\":false,\"column\":\"create_date\"}],\"pages\":0,\"records\":[],\"searchCount\":true,\"size\":20,\"sortdatafield\":\"create_date\",\"sortorder\":\"desc\",\"total\":0},\"en\":{}}', '分页查询用户信息', '0', NULL, '2023-08-02 11:28:24');
INSERT INTO `sys_oper_log` VALUES ('1209462088568fad508544b2289d33a3', '/sys-user', '01', 'com.ht.module.sys.controller.SysUserController', 'GET', '1', '/back/sys-user/findPage', '192.168.3.118', '{\"pager\":{\"current\":1,\"hitCount\":false,\"limit\":20,\"offset\":0,\"orderByClause\":\"create_date desc\",\"orders\":[{\"asc\":false,\"column\":\"create_date\"}],\"pages\":0,\"records\":[],\"searchCount\":true,\"size\":20,\"sortdatafield\":\"create_date\",\"sortorder\":\"desc\",\"total\":0},\"en\":{}}', '分页查询用户信息', '0', NULL, '2023-08-02 10:04:05');
INSERT INTO `sys_oper_log` VALUES ('1274416aaa0c6f5224b6edbca58d0fd0', '/sys-user', '03', 'com.ht.module.sys.controller.SysUserController', 'POST', '1', '/back/sys-user/setRoles', '192.168.3.118', '{\"sysUser\":{\"id\":\"7791d64d712380e7a5729acfb74ccce7\",\"roles\":[\"1\",\"b243975d18bf1728bd39ad22e22dbea2\"]}}', '设置用户角色', '0', NULL, '2023-08-02 15:17:29');
INSERT INTO `sys_oper_log` VALUES ('12b85a94113ecc93a1b5511ebc335602', '/sys-menu', '01', 'com.ht.module.sys.controller.SysMenuController', 'GET', '1', '/back/sys-menu/findMenuTree', '192.168.3.118', '{}', '查询出菜单树', '0', NULL, '2023-08-02 15:30:04');
INSERT INTO `sys_oper_log` VALUES ('13c466b95e790116265612096a5e722a', '/sys-dept', '01', 'com.ht.module.sys.controller.SysDeptController', 'GET', '1', '/back/sys-dept/findTreeAuth', '192.168.3.118', '{\"en\":{}}', '携带权限查询部门树', '0', NULL, '2023-08-02 15:12:08');
INSERT INTO `sys_oper_log` VALUES ('14ecd325b518bc9e14ed829965fb9f4a', '/sys-dept', '01', 'com.ht.module.sys.controller.SysDeptController', 'GET', '1', '/back/sys-dept/findTreeAuth', '192.168.3.118', '{\"en\":{}}', '携带权限查询部门树', '0', NULL, '2023-08-02 11:28:24');
INSERT INTO `sys_oper_log` VALUES ('15293bcc91f6ead6b6d2d081671686e0', '/sys-role', '01', 'com.ht.module.sys.controller.SysRoleController', 'GET', '1', '/back/sys-role/findPage', '192.168.3.118', '{\"pager\":{\"current\":1,\"hitCount\":false,\"limit\":20,\"offset\":0,\"orderByClause\":\"create_date desc\",\"orders\":[{\"asc\":false,\"column\":\"create_date\"}],\"pages\":1,\"records\":[],\"searchCount\":true,\"size\":20,\"sortdatafield\":\"create_date\",\"sortorder\":\"desc\",\"total\":2},\"en\":{\"custom\":[],\"menus\":[]}}', '分页查询角色', '0', NULL, '2023-08-02 15:22:45');
INSERT INTO `sys_oper_log` VALUES ('153ede104eae9dafc0d29655fb8d3d01', '/sys-dept', '01', 'com.ht.module.sys.controller.SysDeptController', 'GET', '1', '/back/sys-dept/findTreeAuth', '192.168.3.118', '{\"en\":{}}', '携带权限查询部门树', '0', NULL, '2023-08-02 15:18:46');
INSERT INTO `sys_oper_log` VALUES ('154cd792dd3a738ce770e9e485e67bf0', '/sys-dict', '01', 'com.ht.module.sys.controller.SysDictController', 'GET', '1', '/back/sys-dict/findPage', '192.168.3.118', '{\"pager\":{\"current\":1,\"hitCount\":false,\"limit\":20,\"offset\":0,\"orderByClause\":\"create_date desc\",\"orders\":[{\"asc\":false,\"column\":\"create_date\"}],\"pages\":0,\"records\":[],\"searchCount\":true,\"size\":20,\"sortdatafield\":\"create_date\",\"sortorder\":\"desc\",\"total\":0},\"sysDict\":{}}', '分页查询字典', '0', NULL, '2023-08-02 15:10:15');
INSERT INTO `sys_oper_log` VALUES ('15aba1a9c6c118ac8c9924a295715100', '/sys-dict', '01', 'com.ht.module.sys.controller.SysDictController', 'GET', '1', '/back/sys-dict/findPage', '192.168.3.118', '{\"pager\":{\"current\":1,\"hitCount\":false,\"limit\":20,\"offset\":0,\"orderByClause\":\"create_date desc\",\"orders\":[{\"asc\":false,\"column\":\"create_date\"}],\"pages\":0,\"records\":[],\"searchCount\":true,\"size\":20,\"sortdatafield\":\"create_date\",\"sortorder\":\"desc\",\"total\":0},\"sysDict\":{}}', '分页查询字典', '0', NULL, '2023-08-02 15:30:04');
INSERT INTO `sys_oper_log` VALUES ('170bfb9a75293b1bbde977b9c4aeac07', '/sys-role', '01', 'com.ht.module.sys.controller.SysRoleController', 'GET', '1', '/back/sys-role/findList', '192.168.3.118', '{\"en\":{\"custom\":[],\"menus\":[]}}', '列表查询角色', '0', NULL, '2023-08-02 11:29:23');
INSERT INTO `sys_oper_log` VALUES ('17111eec2359ed07d8ba14de60468258', '/sys-dept', '01', 'com.ht.module.sys.controller.SysDeptController', 'GET', '1', '/back/sys-dept/findTreeAuth', '192.168.3.118', '{\"en\":{}}', '携带权限查询部门树', '0', NULL, '2023-08-02 10:57:11');
INSERT INTO `sys_oper_log` VALUES ('174dcb5c1b2c473b7faa6ada49b4f22d', '/sys-role', '01', 'com.ht.module.sys.controller.SysRoleController', 'GET', '1', '/back/sys-role/findList', '192.168.3.118', '{\"en\":{\"custom\":[],\"menus\":[]}}', '列表查询角色', '0', NULL, '2023-08-02 11:28:44');
INSERT INTO `sys_oper_log` VALUES ('17bb02cff0d8ae65044cc82c63e3964e', '/sys-dept', '01', 'com.ht.module.sys.controller.SysDeptController', 'GET', '1', '/back/sys-dept/findTreeAuth', '192.168.3.118', '{\"en\":{}}', '携带权限查询部门树', '0', NULL, '2023-08-02 15:15:56');
INSERT INTO `sys_oper_log` VALUES ('1986ae64d1617644664e8e065747319f', '/sys-user', '03', 'com.ht.module.sys.controller.SysUserController', 'POST', '1', '/back/sys-user/setRoles', '192.168.3.118', '{\"sysUser\":{\"id\":\"1\",\"roles\":[\"1\"]}}', '设置用户角色', '0', NULL, '2023-08-02 15:22:18');
INSERT INTO `sys_oper_log` VALUES ('198ed19d95bfd1840040a55d4050990c', '/sys-dept', '01', 'com.ht.module.sys.controller.SysDeptController', 'GET', '1', '/back/sys-dept/findTreeAuth', '192.168.3.118', '{\"en\":{}}', '携带权限查询部门树', '0', NULL, '2023-08-02 10:58:22');
INSERT INTO `sys_oper_log` VALUES ('19b936cb441b5a7a8bcb9427ede8f84e', '/sys-user', '03', 'com.ht.module.sys.controller.SysUserController', 'PUT', '1', '/back/sys-user/update', '192.168.3.118', '{\"sysUser\":{\"deptId\":\"97fdeee7aba1660030e886f527c2f326\",\"id\":\"af2ed49dcffaa2b45225b5b752798422\",\"name\":\"张三\",\"state\":\"01\",\"username\":\"zhangsan\"}}', '修改用户', '0', NULL, '2023-08-02 11:46:32');
INSERT INTO `sys_oper_log` VALUES ('19efe2939730aee0b0582931bbe14c76', '/sys-role', '01', 'com.ht.module.sys.controller.SysRoleController', 'GET', '1', '/back/sys-role/findPage', '192.168.3.118', '{\"pager\":{\"current\":1,\"hitCount\":false,\"limit\":20,\"offset\":0,\"orderByClause\":\"create_date desc\",\"orders\":[{\"asc\":false,\"column\":\"create_date\"}],\"pages\":0,\"records\":[],\"searchCount\":true,\"size\":20,\"sortdatafield\":\"create_date\",\"sortorder\":\"desc\",\"total\":0},\"en\":{\"custom\":[],\"menus\":[]}}', '分页查询角色', '0', NULL, '2023-08-02 15:31:51');
INSERT INTO `sys_oper_log` VALUES ('1a1f719484a5bb290fd233a85c7ff1c3', '/sys-dept', '01', 'com.ht.module.sys.controller.SysDeptController', 'GET', '1', '/back/sys-dept/findTree', '192.168.3.118', '{\"en\":{}}', '获取部门树', '0', NULL, '2023-08-02 11:42:50');
INSERT INTO `sys_oper_log` VALUES ('1b47564695fe9e705c1f49dc9af66c65', '/sys-dept', '01', 'com.ht.module.sys.controller.SysDeptController', 'GET', '1', '/back/sys-dept/findTreeAuth', '192.168.3.118', '{\"en\":{}}', '携带权限查询部门树', '0', NULL, '2023-08-02 10:57:54');
INSERT INTO `sys_oper_log` VALUES ('1b80da14d7b0342342b8976870ee304a', '/sys-dept', '01', 'com.ht.module.sys.controller.SysDeptController', 'GET', '1', '/back/sys-dept/findTreeAuth', '192.168.3.118', '{\"en\":{}}', '携带权限查询部门树', '0', NULL, '2023-08-02 10:57:11');
INSERT INTO `sys_oper_log` VALUES ('1bd5c0d30fa3b9da671f42696d3bf771', '/sys-dept', '01', 'com.ht.module.sys.controller.SysDeptController', 'GET', '1', '/back/sys-dept/findTreeAuth', '192.168.3.118', '{\"en\":{}}', '携带权限查询部门树', '0', NULL, '2023-08-02 15:28:04');
INSERT INTO `sys_oper_log` VALUES ('1db67336220f1b9cbd652bac2f4c6e0a', '/sys-dept', '01', 'com.ht.module.sys.controller.SysDeptController', 'GET', '1', '/back/sys-dept/findTreeAuth', '192.168.3.118', '{\"en\":{}}', '携带权限查询部门树', '0', NULL, '2023-08-02 11:01:17');
INSERT INTO `sys_oper_log` VALUES ('1e5de337813010e26b1dfac313ee49e8', '/sys-dept', '01', 'com.ht.module.sys.controller.SysDeptController', 'GET', '1', '/back/sys-dept/findTreeAuth', '192.168.3.118', '{\"en\":{}}', '携带权限查询部门树', '0', NULL, '2023-08-02 15:10:31');
INSERT INTO `sys_oper_log` VALUES ('1eab4ddd2f87ce5a70a1e82497c684b0', '/sys-dept', '01', 'com.ht.module.sys.controller.SysDeptController', 'GET', '1', '/back/sys-dept/findTree', '192.168.3.118', '{\"en\":{}}', '获取部门树', '0', NULL, '2023-08-02 15:15:04');
INSERT INTO `sys_oper_log` VALUES ('1f1fdf0c0b6281593f9a63913abdc170', '/sys-dept', '01', 'com.ht.module.sys.controller.SysDeptController', 'GET', '1', '/back/sys-dept/findTreeAuth', '192.168.3.118', '{\"en\":{}}', '携带权限查询部门树', '0', NULL, '2023-08-02 15:12:03');
INSERT INTO `sys_oper_log` VALUES ('1f57a88b134fc66c2c6d3ea3a0f4bc9c', '/sys-role', '01', 'com.ht.module.sys.controller.SysRoleController', 'GET', '1', '/back/sys-role/findList', '192.168.3.118', '{\"en\":{\"custom\":[],\"menus\":[]}}', '列表查询角色', '0', NULL, '2023-08-02 11:29:47');
INSERT INTO `sys_oper_log` VALUES ('1f9ab60f874ab61a97678f48e9c298c6', '/sys-dept', '01', 'com.ht.module.sys.controller.SysDeptController', 'GET', '1', '/back/sys-dept/findTreeAuth', '192.168.3.118', '{\"en\":{}}', '携带权限查询部门树', '0', NULL, '2023-08-02 15:15:02');
INSERT INTO `sys_oper_log` VALUES ('2061ed5235072c0542d5c69d166a2685', '/sys-dept', '01', 'com.ht.module.sys.controller.SysDeptController', 'GET', '1', '/back/sys-dept/findTreeAuth', '192.168.3.118', '{\"en\":{}}', '携带权限查询部门树', '0', NULL, '2023-08-02 11:29:21');
INSERT INTO `sys_oper_log` VALUES ('209cb0315551c08032577192ce29dd50', '/sys-dept', '03', 'com.ht.module.sys.controller.SysDeptController', 'PUT', '1', '/back/sys-dept/update', '192.168.3.118', '{\"en\":{\"deptCode\":\"SC\",\"deptId\":\"97fdeee7aba1660030e886f527c2f326\",\"deptName\":\"四川总公司\",\"parentId\":\"8888b600c789bb11a7b7f1a303236156\",\"sort\":1}}', '修改部门', '0', NULL, '2023-08-02 15:16:56');
INSERT INTO `sys_oper_log` VALUES ('21b7920d08934948afdc97ab22e3a4ad', '/sys-role', '01', 'com.ht.module.sys.controller.SysRoleController', 'GET', '1', '/back/sys-role/findList', '192.168.3.118', '{\"en\":{\"custom\":[],\"menus\":[]}}', '列表查询角色', '0', NULL, '2023-08-02 15:18:47');
INSERT INTO `sys_oper_log` VALUES ('220f33b9ecd8fe6555e57927fa57ca72', '/sys-role', '01', 'com.ht.module.sys.controller.SysRoleController', 'GET', '1', '/back/sys-role/findList', '192.168.3.118', '{\"en\":{\"custom\":[],\"menus\":[]}}', '列表查询角色', '0', NULL, '2023-08-02 10:57:12');
INSERT INTO `sys_oper_log` VALUES ('22be5324d5dbf091cccf17d0b07d1449', '/sys-role', '01', 'com.ht.module.sys.controller.SysRoleController', 'GET', '1', '/back/sys-role/findList', '192.168.3.118', '{\"en\":{\"custom\":[],\"menus\":[]}}', '列表查询角色', '0', NULL, '2023-08-02 15:18:03');
INSERT INTO `sys_oper_log` VALUES ('22c58ee5972d9e6b7d92271369dd6327', '/sys-role', '01', 'com.ht.module.sys.controller.SysRoleController', 'GET', '1', '/back/sys-role/findList', '192.168.3.118', '{\"en\":{\"custom\":[],\"menus\":[]}}', '列表查询角色', '0', NULL, '2023-08-02 11:27:45');
INSERT INTO `sys_oper_log` VALUES ('2350b45612baae7bc2f894c5d0b47cf8', '/sys-dept', '01', 'com.ht.module.sys.controller.SysDeptController', 'GET', '1', '/back/sys-dept/findTreeAuth', '192.168.3.118', '{\"en\":{}}', '携带权限查询部门树', '0', NULL, '2023-08-02 11:42:41');
INSERT INTO `sys_oper_log` VALUES ('23ff533498a67b95e56ac2907dc2bd94', '/base-scheduled-task', '01', 'com.ht.module.base.controller.BaseScheduledTaskController', 'GET', 'af2ed49dcffaa2b45225b5b752798422', '/back/base-scheduled-task/findPage', '192.168.3.118', '{\"pager\":{\"current\":1,\"hitCount\":false,\"limit\":20,\"offset\":0,\"orderByClause\":\"create_date desc\",\"orders\":[{\"asc\":false,\"column\":\"create_date\"}],\"pages\":0,\"records\":[],\"searchCount\":true,\"size\":20,\"sortdatafield\":\"create_date\",\"sortorder\":\"desc\",\"total\":0},\"en\":{}}', '分页查询定时任务', '0', NULL, '2023-08-02 15:14:30');
INSERT INTO `sys_oper_log` VALUES ('240f7ef83efbacb1cc04eac7e31f256c', '/sys-role', '01', 'com.ht.module.sys.controller.SysRoleController', 'GET', '1', '/back/sys-role/findList', '192.168.3.118', '{\"en\":{\"custom\":[],\"menus\":[]}}', '列表查询角色', '0', NULL, '2023-08-02 15:27:59');
INSERT INTO `sys_oper_log` VALUES ('2439bd4971dbe86207a513713c140504', '/sys-user', '01', 'com.ht.module.sys.controller.SysUserController', 'GET', '1', '/back/sys-user/findPage', '192.168.3.118', '{\"pager\":{\"current\":1,\"hitCount\":false,\"limit\":20,\"offset\":0,\"orderByClause\":\"create_date desc\",\"orders\":[{\"asc\":false,\"column\":\"create_date\"}],\"pages\":0,\"records\":[],\"searchCount\":true,\"size\":20,\"sortdatafield\":\"create_date\",\"sortorder\":\"desc\",\"total\":0},\"en\":{}}', '分页查询用户信息', '0', NULL, '2023-08-02 15:28:54');
INSERT INTO `sys_oper_log` VALUES ('24690431d653260602f699fdac5b32f5', '/sys-user', '01', 'com.ht.module.sys.controller.SysUserController', 'GET', '1', '/back/sys-user/findPage', '192.168.3.118', '{\"pager\":{\"current\":1,\"hitCount\":false,\"limit\":20,\"offset\":0,\"orderByClause\":\"create_date desc\",\"orders\":[{\"asc\":false,\"column\":\"create_date\"}],\"pages\":1,\"records\":[],\"searchCount\":true,\"size\":20,\"sortdatafield\":\"create_date\",\"sortorder\":\"desc\",\"total\":2},\"en\":{}}', '分页查询用户信息', '0', NULL, '2023-08-02 15:15:08');
INSERT INTO `sys_oper_log` VALUES ('25aac93d55430ee8dba0f55959b4ea5a', '/sys-user', '01', 'com.ht.module.sys.controller.SysUserController', 'GET', '1', '/back/sys-user/findPage', '192.168.3.118', '{\"pager\":{\"current\":1,\"hitCount\":false,\"limit\":20,\"offset\":0,\"orderByClause\":\"create_date desc\",\"orders\":[{\"asc\":false,\"column\":\"create_date\"}],\"pages\":0,\"records\":[],\"searchCount\":true,\"size\":20,\"sortdatafield\":\"create_date\",\"sortorder\":\"desc\",\"total\":0},\"en\":{}}', '分页查询用户信息', '0', NULL, '2023-08-02 15:37:01');
INSERT INTO `sys_oper_log` VALUES ('2608f3d71ab769b579120f2744494144', '/sys-user', '01', 'com.ht.module.sys.controller.SysUserController', 'GET', '1', '/back/sys-user/findPage', '192.168.3.118', '{\"pager\":{\"current\":1,\"hitCount\":false,\"limit\":20,\"offset\":0,\"orderByClause\":\"create_date desc\",\"orders\":[{\"asc\":false,\"column\":\"create_date\"}],\"pages\":1,\"records\":[],\"searchCount\":true,\"size\":20,\"sortdatafield\":\"create_date\",\"sortorder\":\"desc\",\"total\":3},\"en\":{}}', '分页查询用户信息', '0', NULL, '2023-08-02 15:17:27');
INSERT INTO `sys_oper_log` VALUES ('2645f5bd4a91542525cfd65a99dd0d99', '/sys-dept', '01', 'com.ht.module.sys.controller.SysDeptController', 'GET', '1', '/back/sys-dept/findTreeAuth', '192.168.3.118', '{\"en\":{}}', '携带权限查询部门树', '0', NULL, '2023-08-02 11:24:49');
INSERT INTO `sys_oper_log` VALUES ('2646689d62f3a1147c4b6a8b5ee3d0f5', '/sys-user', '01', 'com.ht.module.sys.controller.SysUserController', 'GET', '1', '/back/sys-user/findPage', '192.168.3.118', '{\"pager\":{\"current\":1,\"hitCount\":false,\"limit\":20,\"offset\":0,\"orderByClause\":\"create_date desc\",\"orders\":[{\"asc\":false,\"column\":\"create_date\"}],\"pages\":0,\"records\":[],\"searchCount\":true,\"size\":20,\"sortdatafield\":\"create_date\",\"sortorder\":\"desc\",\"total\":0},\"en\":{}}', '分页查询用户信息', '0', NULL, '2023-08-02 15:18:03');
INSERT INTO `sys_oper_log` VALUES ('265a01782a9e19afe63940dac0874cd6', '/sys-role', '01', 'com.ht.module.sys.controller.SysRoleController', 'GET', '1', '/back/sys-role/findList', '192.168.3.118', '{\"en\":{\"custom\":[],\"menus\":[]}}', '列表查询角色', '0', NULL, '2023-08-02 11:33:05');
INSERT INTO `sys_oper_log` VALUES ('26e6574181efdd9489675babd9cda6ed', '/sys-role', '01', 'com.ht.module.sys.controller.SysRoleController', 'GET', '1', '/back/sys-role/findList', '192.168.3.118', '{\"en\":{\"custom\":[],\"menus\":[]}}', '列表查询角色', '0', NULL, '2023-08-02 11:33:05');
INSERT INTO `sys_oper_log` VALUES ('279774960104c78ff0b07f21959b2a7b', '/sys-menu', '01', 'com.ht.module.sys.controller.SysMenuController', 'GET', '1', '/back/sys-menu/findMenuTree', '192.168.3.118', '{}', '查询出菜单树', '0', NULL, '2023-08-02 15:07:21');
INSERT INTO `sys_oper_log` VALUES ('2798fc3079547524fdcc7d90411750eb', '/sys-user', '03', 'com.ht.module.sys.controller.SysUserController', 'POST', '1', '/back/sys-user/setRoles', '192.168.3.118', '{\"sysUser\":{\"id\":\"1\",\"roles\":[\"1\"]}}', '设置用户角色', '0', NULL, '2023-08-02 15:22:11');
INSERT INTO `sys_oper_log` VALUES ('28c2f5152a44053c7de6ed84e0670f76', '/sys-user', '01', 'com.ht.module.sys.controller.SysUserController', 'GET', 'af2ed49dcffaa2b45225b5b752798422', '/back/sys-user/findPage', '192.168.3.118', '{\"pager\":{\"current\":1,\"hitCount\":false,\"limit\":20,\"offset\":0,\"orderByClause\":\"create_date desc\",\"orders\":[{\"asc\":false,\"column\":\"create_date\"}],\"pages\":1,\"records\":[],\"searchCount\":true,\"size\":20,\"sortdatafield\":\"create_date\",\"sortorder\":\"desc\",\"total\":2},\"en\":{}}', '分页查询用户信息', '0', NULL, '2023-08-02 15:14:04');
INSERT INTO `sys_oper_log` VALUES ('2915ddfed36b7802b5f1b8c5b699685b', '/sys-dept', '01', 'com.ht.module.sys.controller.SysDeptController', 'GET', '1', '/back/sys-dept/findTreeAuth', '192.168.3.118', '{\"en\":{}}', '携带权限查询部门树', '0', NULL, '2023-08-02 10:12:19');
INSERT INTO `sys_oper_log` VALUES ('2ad8045711e1d345ff2a56fb5cd7f01e', '/base-scheduled-task', '01', 'com.ht.module.base.controller.BaseScheduledTaskController', 'GET', '1', '/back/base-scheduled-task/findPage', '192.168.3.118', '{\"pager\":{\"current\":1,\"hitCount\":false,\"limit\":20,\"offset\":0,\"orderByClause\":\"create_date desc\",\"orders\":[{\"asc\":false,\"column\":\"create_date\"}],\"pages\":0,\"records\":[],\"searchCount\":true,\"size\":20,\"sortdatafield\":\"create_date\",\"sortorder\":\"desc\",\"total\":0},\"en\":{}}', '分页查询定时任务', '0', NULL, '2023-08-02 15:23:01');
INSERT INTO `sys_oper_log` VALUES ('2ba969d2d8062030e2ef66df5724688c', '/sys-role', '01', 'com.ht.module.sys.controller.SysRoleController', 'GET', '1', '/back/sys-role/findList', '192.168.3.118', '{\"en\":{\"custom\":[],\"menus\":[]}}', '列表查询角色', '0', NULL, '2023-08-02 15:27:59');
INSERT INTO `sys_oper_log` VALUES ('2c2fbe124bfb2b3dd0c451e8db4eee83', '/sys-role', '01', 'com.ht.module.sys.controller.SysRoleController', 'GET', '1', '/back/sys-role/findPage', '192.168.3.118', '{\"pager\":{\"current\":1,\"hitCount\":false,\"limit\":20,\"offset\":0,\"orderByClause\":\"create_date desc\",\"orders\":[{\"asc\":false,\"column\":\"create_date\"}],\"pages\":0,\"records\":[],\"searchCount\":true,\"size\":20,\"sortdatafield\":\"create_date\",\"sortorder\":\"desc\",\"total\":0},\"en\":{\"custom\":[],\"menus\":[]}}', '分页查询角色', '0', NULL, '2023-08-02 15:30:03');
INSERT INTO `sys_oper_log` VALUES ('2cd8f6baa14ab96c2217f31f291bf48d', '/sys-user', '01', 'com.ht.module.sys.controller.SysUserController', 'GET', '1', '/back/sys-user/findPage', '192.168.3.118', '{\"pager\":{\"current\":1,\"hitCount\":false,\"limit\":20,\"offset\":0,\"orderByClause\":\"create_date desc\",\"orders\":[{\"asc\":false,\"column\":\"create_date\"}],\"pages\":0,\"records\":[],\"searchCount\":true,\"size\":20,\"sortdatafield\":\"create_date\",\"sortorder\":\"desc\",\"total\":0},\"en\":{}}', '分页查询用户信息', '0', NULL, '2023-08-02 11:27:06');
INSERT INTO `sys_oper_log` VALUES ('2d0eb732e84b49c750fde49bf149c00c', '/sys-dept', '01', 'com.ht.module.sys.controller.SysDeptController', 'GET', '1', '/back/sys-dept/findTreeAuth', '192.168.3.118', '{\"en\":{}}', '携带权限查询部门树', '0', NULL, '2023-08-02 11:01:17');
INSERT INTO `sys_oper_log` VALUES ('2d56d98ece8019ddb89e3fd9ed2cbbe5', '/sys-dict', '01', 'com.ht.module.sys.controller.SysDictController', 'GET', '1', '/back/sys-dict/findPage', '192.168.3.118', '{\"pager\":{\"current\":1,\"hitCount\":false,\"limit\":20,\"offset\":0,\"orderByClause\":\"create_date desc\",\"orders\":[{\"asc\":false,\"column\":\"create_date\"}],\"pages\":0,\"records\":[],\"searchCount\":true,\"size\":20,\"sortdatafield\":\"create_date\",\"sortorder\":\"desc\",\"total\":0},\"sysDict\":{}}', '分页查询字典', '0', NULL, '2023-08-02 10:58:48');
INSERT INTO `sys_oper_log` VALUES ('2e31e05e68013b0562f8ed3fcd06e310', '/sys-dept', '01', 'com.ht.module.sys.controller.SysDeptController', 'GET', '1', '/back/sys-dept/findTreeAuth', '192.168.3.118', '{\"en\":{}}', '携带权限查询部门树', '0', NULL, '2023-08-02 11:42:41');
INSERT INTO `sys_oper_log` VALUES ('2eb65d3fadb5a5e42b86293ffc12af0f', '/sys-dept', '01', 'com.ht.module.sys.controller.SysDeptController', 'GET', '1', '/back/sys-dept/findTreeAuth', '192.168.3.118', '{\"en\":{}}', '携带权限查询部门树', '0', NULL, '2023-08-02 15:11:09');
INSERT INTO `sys_oper_log` VALUES ('2ff80a629489c5035e681355b745e7f7', '/sys-role', '01', 'com.ht.module.sys.controller.SysRoleController', 'GET', '1', '/back/sys-role/findList', '192.168.3.118', '{\"en\":{\"custom\":[],\"menus\":[]}}', '列表查询角色', '0', NULL, '2023-08-02 10:04:05');
INSERT INTO `sys_oper_log` VALUES ('3066af2ac20efe17209c99da010c5133', '/sys-dept', '01', 'com.ht.module.sys.controller.SysDeptController', 'GET', '1', '/back/sys-dept/findTreeAuth', '192.168.3.118', '{\"en\":{}}', '携带权限查询部门树', '0', NULL, '2023-08-02 15:31:24');
INSERT INTO `sys_oper_log` VALUES ('308b90d5e35fedbfd058274aa5ee5748', '/sys-dept', '01', 'com.ht.module.sys.controller.SysDeptController', 'GET', '1', '/back/sys-dept/findTreeAuth', '192.168.3.118', '{\"en\":{}}', '携带权限查询部门树', '0', NULL, '2023-08-02 15:29:39');
INSERT INTO `sys_oper_log` VALUES ('30cb3b1f612312f0d4627e1f32b85189', '/sys-menu', '01', 'com.ht.module.sys.controller.SysMenuController', 'GET', '1', '/back/sys-menu/findMenuTree', '192.168.3.118', '{}', '查询出菜单树', '0', NULL, '2023-08-02 11:45:36');
INSERT INTO `sys_oper_log` VALUES ('31351ac83070ebadabfd19ffb30bb5f7', '/sys-dept', '01', 'com.ht.module.sys.controller.SysDeptController', 'GET', '1', '/back/sys-dept/findTreeAuth', '192.168.3.118', '{\"en\":{}}', '携带权限查询部门树', '0', NULL, '2023-08-02 15:15:50');
INSERT INTO `sys_oper_log` VALUES ('31ea461e4d7b5c4e679e2a8e1926cba0', '/sys-role', '01', 'com.ht.module.sys.controller.SysRoleController', 'GET', '1', '/back/sys-role/findPage', '192.168.3.118', '{\"pager\":{\"current\":1,\"hitCount\":false,\"limit\":20,\"offset\":0,\"orderByClause\":\"create_date desc\",\"orders\":[{\"asc\":false,\"column\":\"create_date\"}],\"pages\":0,\"records\":[],\"searchCount\":true,\"size\":20,\"sortdatafield\":\"create_date\",\"sortorder\":\"desc\",\"total\":0},\"en\":{\"custom\":[],\"menus\":[]}}', '分页查询角色', '0', NULL, '2023-08-02 11:28:44');
INSERT INTO `sys_oper_log` VALUES ('324e48f830c7452e9b71de52b7539c06', '/sys-dept', '01', 'com.ht.module.sys.controller.SysDeptController', 'GET', '1', '/back/sys-dept/findTree', '192.168.3.118', '{\"en\":{}}', '获取部门树', '0', NULL, '2023-08-02 15:10:23');
INSERT INTO `sys_oper_log` VALUES ('32df96a7aa05ae09fa229247824d46bf', '/sys-dept', '01', 'com.ht.module.sys.controller.SysDeptController', 'GET', '1', '/back/sys-dept/findTree', '192.168.3.118', '{\"en\":{}}', '获取部门树', '0', NULL, '2023-08-02 15:22:21');
INSERT INTO `sys_oper_log` VALUES ('33198a3a4df486cc2f6ee68c2feeb93d', '/sys-role', '01', 'com.ht.module.sys.controller.SysRoleController', 'GET', '1', '/back/sys-role/findPage', '192.168.3.118', '{\"pager\":{\"current\":1,\"hitCount\":false,\"limit\":20,\"offset\":0,\"orderByClause\":\"create_date desc\",\"orders\":[{\"asc\":false,\"column\":\"create_date\"}],\"pages\":0,\"records\":[],\"searchCount\":true,\"size\":20,\"sortdatafield\":\"create_date\",\"sortorder\":\"desc\",\"total\":0},\"en\":{\"custom\":[],\"menus\":[]}}', '分页查询角色', '0', NULL, '2023-08-02 10:12:19');
INSERT INTO `sys_oper_log` VALUES ('340a6d905368ce606e4e46ade866c9ff', '/sys-dept', '01', 'com.ht.module.sys.controller.SysDeptController', 'GET', '1', '/back/sys-dept/findTree', '192.168.3.118', '{\"en\":{}}', '获取部门树', '0', NULL, '2023-08-02 10:12:19');
INSERT INTO `sys_oper_log` VALUES ('353bbea83dc2f5721b9dc0e5a6d6edaf', '/sys-dict', '01', 'com.ht.module.sys.controller.SysDictController', 'GET', '1', '/back/sys-dict/findPage', '192.168.3.118', '{\"pager\":{\"current\":1,\"hitCount\":false,\"limit\":20,\"offset\":0,\"orderByClause\":\"create_date desc\",\"orders\":[{\"asc\":false,\"column\":\"create_date\"}],\"pages\":0,\"records\":[],\"searchCount\":true,\"size\":20,\"sortdatafield\":\"create_date\",\"sortorder\":\"desc\",\"total\":0},\"sysDict\":{}}', '分页查询字典', '0', NULL, '2023-08-02 15:22:57');
INSERT INTO `sys_oper_log` VALUES ('35b37bdc5f782e30d8e1d63e3e44f794', '/sys-dict', '01', 'com.ht.module.sys.controller.SysDictController', 'GET', '1', '/back/sys-dict/findPage', '192.168.3.118', '{\"pager\":{\"current\":1,\"hitCount\":false,\"limit\":20,\"offset\":0,\"orderByClause\":\"create_date desc\",\"orders\":[{\"asc\":false,\"column\":\"create_date\"}],\"pages\":0,\"records\":[],\"searchCount\":true,\"size\":20,\"sortdatafield\":\"create_date\",\"sortorder\":\"desc\",\"total\":0},\"sysDict\":{}}', '分页查询字典', '0', NULL, '2023-08-02 15:32:21');
INSERT INTO `sys_oper_log` VALUES ('35df82b9cb051e8d99138720db13163d', '/sys-role', '01', 'com.ht.module.sys.controller.SysRoleController', 'GET', '1', '/back/sys-role/findList', '192.168.3.118', '{\"en\":{\"custom\":[],\"menus\":[]}}', '列表查询角色', '0', NULL, '2023-08-02 15:19:33');
INSERT INTO `sys_oper_log` VALUES ('36d2b26d32273dc8cd8461af76db542c', '/sys-dept', '01', 'com.ht.module.sys.controller.SysDeptController', 'GET', '1', '/back/sys-dept/findTreeAuth', '192.168.3.118', '{\"en\":{}}', '携带权限查询部门树', '0', NULL, '2023-08-02 11:27:45');
INSERT INTO `sys_oper_log` VALUES ('3743f449232729dbfb03d6a818d3bf2b', '/sys-dept', '01', 'com.ht.module.sys.controller.SysDeptController', 'GET', '1', '/back/sys-dept/findTreeAuth', '192.168.3.118', '{\"en\":{}}', '携带权限查询部门树', '0', NULL, '2023-08-02 11:01:09');
INSERT INTO `sys_oper_log` VALUES ('379180daa513c8f006c9816e8bd1301f', '/sys-dept', '01', 'com.ht.module.sys.controller.SysDeptController', 'GET', '1', '/back/sys-dept/findTreeAuth', '192.168.3.118', '{\"en\":{}}', '携带权限查询部门树', '0', NULL, '2023-08-02 11:01:21');
INSERT INTO `sys_oper_log` VALUES ('37a4ee7ac69632d08dea62b8e6ccea90', '/sys-role', '01', 'com.ht.module.sys.controller.SysRoleController', 'GET', '1', '/back/sys-role/findList', '192.168.3.118', '{\"en\":{\"custom\":[],\"menus\":[]}}', '列表查询角色', '0', NULL, '2023-08-02 15:28:20');
INSERT INTO `sys_oper_log` VALUES ('383e87b3a88a3c41078ebf9d1bbf60be', '/sys-menu', '01', 'com.ht.module.sys.controller.SysMenuController', 'GET', '1', '/back/sys-menu/findMenuRole/1', '192.168.3.118', '{\"rid\":\"1\"}', '按角色查询出菜单', '0', NULL, '2023-08-02 15:07:21');
INSERT INTO `sys_oper_log` VALUES ('3893fa4e744fa1d958eae520aef4641d', '/sys-menu', '01', 'com.ht.module.sys.controller.SysMenuController', 'GET', '1', '/back/sys-menu/findMenuTree', '192.168.3.118', '{}', '查询出菜单树', '0', NULL, '2023-08-02 11:24:49');
INSERT INTO `sys_oper_log` VALUES ('38a22b4ebc32945a72859e40caca4bbb', '/sys-dict', '01', 'com.ht.module.sys.controller.SysDictController', 'GET', '1', '/back/sys-dict/findPage', '192.168.3.118', '{\"pager\":{\"current\":1,\"hitCount\":false,\"limit\":20,\"offset\":0,\"orderByClause\":\"create_date desc\",\"orders\":[{\"asc\":false,\"column\":\"create_date\"}],\"pages\":0,\"records\":[],\"searchCount\":true,\"size\":20,\"sortdatafield\":\"create_date\",\"sortorder\":\"desc\",\"total\":0},\"sysDict\":{}}', '分页查询字典', '0', NULL, '2023-08-02 10:57:12');
INSERT INTO `sys_oper_log` VALUES ('39414137d446827399eac98b88b790c1', '/sys-dict', '01', 'com.ht.module.sys.controller.SysDictController', 'GET', '1', '/back/sys-dict/findPage', '192.168.3.118', '{\"pager\":{\"current\":1,\"hitCount\":false,\"limit\":20,\"offset\":0,\"orderByClause\":\"create_date desc\",\"orders\":[{\"asc\":false,\"column\":\"create_date\"}],\"pages\":0,\"records\":[],\"searchCount\":true,\"size\":20,\"sortdatafield\":\"create_date\",\"sortorder\":\"desc\",\"total\":0},\"sysDict\":{}}', '分页查询字典', '0', NULL, '2023-08-02 11:45:36');
INSERT INTO `sys_oper_log` VALUES ('39a510ed8dd32ece05e370d6a4a8b1e4', '/sys-role', '01', 'com.ht.module.sys.controller.SysRoleController', 'GET', '1', '/back/sys-role/findList', '192.168.3.118', '{\"en\":{\"custom\":[],\"menus\":[]}}', '列表查询角色', '0', NULL, '2023-08-02 15:18:47');
INSERT INTO `sys_oper_log` VALUES ('3aa2b03c60b5c36ce569cf0a2d2b648f', '/sys-role', '01', 'com.ht.module.sys.controller.SysRoleController', 'GET', '1', '/back/sys-role/findPage', '192.168.3.118', '{\"pager\":{\"current\":1,\"hitCount\":false,\"limit\":20,\"offset\":0,\"orderByClause\":\"create_date desc\",\"orders\":[{\"asc\":false,\"column\":\"create_date\"}],\"pages\":0,\"records\":[],\"searchCount\":true,\"size\":20,\"sortdatafield\":\"create_date\",\"sortorder\":\"desc\",\"total\":0},\"en\":{\"custom\":[],\"menus\":[]}}', '分页查询角色', '0', NULL, '2023-08-02 11:28:24');
INSERT INTO `sys_oper_log` VALUES ('3b1cd170e6c9558a698e64c577ee52f2', '/sys-dept', '01', 'com.ht.module.sys.controller.SysDeptController', 'GET', '1', '/back/sys-dept/findTreeAuth', '192.168.3.118', '{\"en\":{}}', '携带权限查询部门树', '0', NULL, '2023-08-02 11:24:49');
INSERT INTO `sys_oper_log` VALUES ('3b730cf16aef8f79866a32a6e1d0ac4b', '/sys-dept', '01', 'com.ht.module.sys.controller.SysDeptController', 'GET', '1', '/back/sys-dept/findTreeAuth', '192.168.3.118', '{\"en\":{}}', '携带权限查询部门树', '0', NULL, '2023-08-02 15:28:53');
INSERT INTO `sys_oper_log` VALUES ('3be8662d89755c7ca4aa38c96c154d89', '/sys-dept', '01', 'com.ht.module.sys.controller.SysDeptController', 'GET', '1', '/back/sys-dept/findTreeAuth', '192.168.3.118', '{\"en\":{}}', '携带权限查询部门树', '0', NULL, '2023-08-02 10:57:12');
INSERT INTO `sys_oper_log` VALUES ('3c9782d71a7e9634e74c705e2f71d77e', '/sys-user', '01', 'com.ht.module.sys.controller.SysUserController', 'GET', '1', '/back/sys-user/findPage', '192.168.3.118', '{\"pager\":{\"current\":1,\"hitCount\":false,\"limit\":20,\"offset\":0,\"orderByClause\":\"create_date desc\",\"orders\":[{\"asc\":false,\"column\":\"create_date\"}],\"pages\":0,\"records\":[],\"searchCount\":true,\"size\":20,\"sortdatafield\":\"create_date\",\"sortorder\":\"desc\",\"total\":0},\"en\":{}}', '分页查询用户信息', '0', NULL, '2023-08-02 15:19:13');
INSERT INTO `sys_oper_log` VALUES ('3d82c13059b8012fec4c4b43d0cdb9fb', '/sys-menu', '01', 'com.ht.module.sys.controller.SysMenuController', 'GET', '1', '/back/sys-menu/findMenuTree', '192.168.3.118', '{}', '查询出菜单树', '0', NULL, '2023-08-02 10:12:20');
INSERT INTO `sys_oper_log` VALUES ('3d8e84cc33c85f089c170f8f4690697d', '/sys-dept', '01', 'com.ht.module.sys.controller.SysDeptController', 'GET', '1', '/back/sys-dept/findTreeAuth', '192.168.3.118', '{\"en\":{}}', '携带权限查询部门树', '0', NULL, '2023-08-02 11:33:05');
INSERT INTO `sys_oper_log` VALUES ('3e1c79e46e1b8108b39d90f1f3b66ff1', '/sys-dept', '01', 'com.ht.module.sys.controller.SysDeptController', 'GET', '1', '/back/sys-dept/findTreeAuth', '192.168.3.118', '{\"en\":{}}', '携带权限查询部门树', '0', NULL, '2023-08-02 15:17:04');
INSERT INTO `sys_oper_log` VALUES ('3ef388ff4ab3ab33c41b5e10c4819ad8', '/sys-role', '01', 'com.ht.module.sys.controller.SysRoleController', 'GET', '1', '/back/sys-role/findPage', '192.168.3.118', '{\"pager\":{\"current\":1,\"hitCount\":false,\"limit\":20,\"offset\":0,\"orderByClause\":\"create_date desc\",\"orders\":[{\"asc\":false,\"column\":\"create_date\"}],\"pages\":0,\"records\":[],\"searchCount\":true,\"size\":20,\"sortdatafield\":\"create_date\",\"sortorder\":\"desc\",\"total\":0},\"en\":{\"custom\":[],\"menus\":[]}}', '分页查询角色', '0', NULL, '2023-08-02 15:29:42');
INSERT INTO `sys_oper_log` VALUES ('3f10d51da865499c87a4e7422b99b10a', '/sys-dept', '01', 'com.ht.module.sys.controller.SysDeptController', 'GET', '1', '/back/sys-dept/findTreeAuth', '192.168.3.118', '{\"en\":{}}', '携带权限查询部门树', '0', NULL, '2023-08-02 10:58:11');
INSERT INTO `sys_oper_log` VALUES ('4040d039ad4ba846bc7e407db4341686', '/sys-menu', '01', 'com.ht.module.sys.controller.SysMenuController', 'GET', '1', '/back/sys-menu/findMenuRole/b243975d18bf1728bd39ad22e22dbea2', '192.168.3.118', '{\"rid\":\"b243975d18bf1728bd39ad22e22dbea2\"}', '按角色查询出菜单', '0', NULL, '2023-08-02 15:22:48');
INSERT INTO `sys_oper_log` VALUES ('411bc278b22af241cd1d34a99a50cd0d', '/sys-role', '01', 'com.ht.module.sys.controller.SysRoleController', 'GET', '1', '/back/sys-role/findPage', '192.168.3.118', '{\"pager\":{\"current\":1,\"hitCount\":false,\"limit\":20,\"offset\":0,\"orderByClause\":\"create_date desc\",\"orders\":[{\"asc\":false,\"column\":\"create_date\"}],\"pages\":0,\"records\":[],\"searchCount\":true,\"size\":20,\"sortdatafield\":\"create_date\",\"sortorder\":\"desc\",\"total\":0},\"en\":{\"custom\":[],\"menus\":[]}}', '分页查询角色', '0', NULL, '2023-08-02 15:28:20');
INSERT INTO `sys_oper_log` VALUES ('413310c07e532d1c2368f86b3f7ff665', '/sys-role', '01', 'com.ht.module.sys.controller.SysRoleController', 'GET', '1', '/back/sys-role/findList', '192.168.3.118', '{\"en\":{\"custom\":[],\"menus\":[]}}', '列表查询角色', '0', NULL, '2023-08-02 10:04:25');
INSERT INTO `sys_oper_log` VALUES ('416e9f1d25cf4bbf4601a1624ce9309c', '/sys-menu', '01', 'com.ht.module.sys.controller.SysMenuController', 'GET', '1', '/back/sys-menu/findMenuTree', '192.168.3.118', '{}', '查询出菜单树', '0', NULL, '2023-05-06 09:39:30');
INSERT INTO `sys_oper_log` VALUES ('41e39c7d77bacbd3abf3d5b4502d4cef', '/sys-dept', '01', 'com.ht.module.sys.controller.SysDeptController', 'GET', '1', '/back/sys-dept/findTree', '192.168.3.118', '{\"en\":{}}', '获取部门树', '0', NULL, '2023-08-02 11:47:58');
INSERT INTO `sys_oper_log` VALUES ('41ecc6ca3f3e6b5f663deadcf3746039', '/sys-role', '01', 'com.ht.module.sys.controller.SysRoleController', 'GET', '1', '/back/sys-role/findList', '192.168.3.118', '{\"en\":{\"custom\":[],\"menus\":[]}}', '列表查询角色', '0', NULL, '2023-08-02 15:15:04');
INSERT INTO `sys_oper_log` VALUES ('41f81f7cccb498d47ecfe8e307fd31e5', '/sys-dept', '01', 'com.ht.module.sys.controller.SysDeptController', 'GET', '1', '/back/sys-dept/findTreeAuth', '192.168.3.118', '{\"en\":{}}', '携带权限查询部门树', '0', NULL, '2023-08-02 15:17:00');
INSERT INTO `sys_oper_log` VALUES ('4231cffd241588d3e53cd652454f1815', '/sys-user', '01', 'com.ht.module.sys.controller.SysUserController', 'GET', '1', '/back/sys-user/findPage', '192.168.3.118', '{\"pager\":{\"current\":1,\"hitCount\":false,\"limit\":20,\"offset\":0,\"orderByClause\":\"create_date desc\",\"orders\":[{\"asc\":false,\"column\":\"create_date\"}],\"pages\":0,\"records\":[],\"searchCount\":true,\"size\":20,\"sortdatafield\":\"create_date\",\"sortorder\":\"desc\",\"total\":0},\"en\":{}}', '分页查询用户信息', '0', NULL, '2023-08-02 11:27:45');
INSERT INTO `sys_oper_log` VALUES ('423e8b03276f1f81544823470911f36a', '/sys-role', '01', 'com.ht.module.sys.controller.SysRoleController', 'GET', '1', '/back/sys-role/findList', '192.168.3.118', '{\"en\":{\"custom\":[],\"menus\":[]}}', '列表查询角色', '0', NULL, '2023-08-02 11:29:47');
INSERT INTO `sys_oper_log` VALUES ('427d3644f95b6b6cdaf71608c567bce7', '/sys-role', '01', 'com.ht.module.sys.controller.SysRoleController', 'GET', '1', '/back/sys-role/findList', '192.168.3.118', '{\"en\":{\"custom\":[],\"menus\":[]}}', '列表查询角色', '0', NULL, '2023-08-02 15:21:46');
INSERT INTO `sys_oper_log` VALUES ('4316db82a7818211c7841a53779489c8', '/sys-role', '01', 'com.ht.module.sys.controller.SysRoleController', 'GET', '1', '/back/sys-role/findList', '192.168.3.118', '{\"en\":{\"custom\":[],\"menus\":[]}}', '列表查询角色', '0', NULL, '2023-08-02 15:30:02');
INSERT INTO `sys_oper_log` VALUES ('43d7aa410def3ffcd7834f8bc29660d0', '/sys-dept', '01', 'com.ht.module.sys.controller.SysDeptController', 'GET', '1', '/back/sys-dept/findTreeAuth', '192.168.3.118', '{\"en\":{}}', '携带权限查询部门树', '0', NULL, '2023-08-02 15:28:18');
INSERT INTO `sys_oper_log` VALUES ('43dca78315578489a25370f2f7ac1600', '/sys-dept', '01', 'com.ht.module.sys.controller.SysDeptController', 'GET', '1', '/back/sys-dept/findTreeAuth', '192.168.3.118', '{\"en\":{}}', '携带权限查询部门树', '0', NULL, '2023-08-02 11:27:47');
INSERT INTO `sys_oper_log` VALUES ('43f5b77c3b2e7e8c7210e8fc93ad91b0', '/sys-dept', '01', 'com.ht.module.sys.controller.SysDeptController', 'GET', '1', '/back/sys-dept/findTreeAuth', '192.168.3.118', '{\"en\":{}}', '携带权限查询部门树', '0', NULL, '2023-08-02 10:04:05');
INSERT INTO `sys_oper_log` VALUES ('447004a0e836d643632e43a02de91194', '/sys-role', '01', 'com.ht.module.sys.controller.SysRoleController', 'GET', '1', '/back/sys-role/findList', '192.168.3.118', '{\"en\":{\"custom\":[],\"menus\":[]}}', '列表查询角色', '0', NULL, '2023-08-02 15:13:46');
INSERT INTO `sys_oper_log` VALUES ('44a4347dec5beab6e4446d5dd97dbf16', '/sys-dept', '01', 'com.ht.module.sys.controller.SysDeptController', 'GET', '1', '/back/sys-dept/findTree', '192.168.3.118', '{\"en\":{}}', '获取部门树', '0', NULL, '2023-08-02 15:07:19');
INSERT INTO `sys_oper_log` VALUES ('454b25fb92198f356bf291a04c56ccf9', '/sys-role', '01', 'com.ht.module.sys.controller.SysRoleController', 'GET', '1', '/back/sys-role/findPage', '192.168.3.118', '{\"pager\":{\"current\":1,\"hitCount\":false,\"limit\":20,\"offset\":0,\"orderByClause\":\"create_date desc\",\"orders\":[{\"asc\":false,\"column\":\"create_date\"}],\"pages\":0,\"records\":[],\"searchCount\":true,\"size\":20,\"sortdatafield\":\"create_date\",\"sortorder\":\"desc\",\"total\":0},\"en\":{\"custom\":[],\"menus\":[]}}', '分页查询角色', '0', NULL, '2023-08-02 10:57:12');
INSERT INTO `sys_oper_log` VALUES ('45783492c30c0f7d83d80f5f0a25a4ed', '/sys-user', '01', 'com.ht.module.sys.controller.SysUserController', 'GET', 'af2ed49dcffaa2b45225b5b752798422', '/back/sys-user/findPage', '192.168.3.118', '{\"pager\":{\"current\":1,\"hitCount\":false,\"limit\":20,\"offset\":0,\"orderByClause\":\"create_date desc\",\"orders\":[{\"asc\":false,\"column\":\"create_date\"}],\"pages\":0,\"records\":[],\"searchCount\":true,\"size\":20,\"sortdatafield\":\"create_date\",\"sortorder\":\"desc\",\"total\":0},\"en\":{}}', '分页查询用户信息', '0', NULL, '2023-08-02 15:13:55');
INSERT INTO `sys_oper_log` VALUES ('45bfdfa30a4c2fc3586f993b1063b58b', '/sys-dept', '01', 'com.ht.module.sys.controller.SysDeptController', 'GET', 'af2ed49dcffaa2b45225b5b752798422', '/back/sys-dept/findTreeAuth', '192.168.3.118', '{\"en\":{}}', '携带权限查询部门树', '0', NULL, '2023-08-02 15:13:55');
INSERT INTO `sys_oper_log` VALUES ('460732d8b37ccf9ef3c7b063546598fc', '/sys-dept', '01', 'com.ht.module.sys.controller.SysDeptController', 'GET', '1', '/back/sys-dept/findTreeAuth', '192.168.3.118', '{\"en\":{}}', '携带权限查询部门树', '0', NULL, '2023-08-02 10:03:55');
INSERT INTO `sys_oper_log` VALUES ('4669dbb8cafeb4b971a400c9de87170c', '/sys-dict', '01', 'com.ht.module.sys.controller.SysDictController', 'GET', '1', '/back/sys-dict/findPage', '192.168.3.118', '{\"pager\":{\"current\":1,\"hitCount\":false,\"limit\":20,\"offset\":0,\"orderByClause\":\"create_date desc\",\"orders\":[{\"asc\":false,\"column\":\"create_date\"}],\"pages\":0,\"records\":[],\"searchCount\":true,\"size\":20,\"sortdatafield\":\"create_date\",\"sortorder\":\"desc\",\"total\":0},\"sysDict\":{}}', '分页查询字典', '0', NULL, '2023-08-02 15:12:09');
INSERT INTO `sys_oper_log` VALUES ('46986451ff823ed5a2bc7449be4bdd53', '/sys-user', '01', 'com.ht.module.sys.controller.SysUserController', 'GET', '1', '/back/sys-user/findPage', '192.168.3.118', '{\"pager\":{\"current\":1,\"hitCount\":false,\"limit\":20,\"offset\":0,\"orderByClause\":\"create_date desc\",\"orders\":[{\"asc\":false,\"column\":\"create_date\"}],\"pages\":0,\"records\":[],\"searchCount\":true,\"size\":20,\"sortdatafield\":\"create_date\",\"sortorder\":\"desc\",\"total\":0},\"en\":{}}', '分页查询用户信息', '0', NULL, '2023-08-02 11:29:47');
INSERT INTO `sys_oper_log` VALUES ('48aa880ad450608e9e7c66a488a7e34c', '/sys-dept', '01', 'com.ht.module.sys.controller.SysDeptController', 'GET', '1', '/back/sys-dept/findTreeAuth', '192.168.3.118', '{\"en\":{}}', '携带权限查询部门树', '0', NULL, '2023-08-02 15:31:24');
INSERT INTO `sys_oper_log` VALUES ('48ff38f9a849413996a137a40c281759', '/sys-role', '01', 'com.ht.module.sys.controller.SysRoleController', 'GET', '1', '/back/sys-role/findList', '192.168.3.118', '{\"en\":{\"custom\":[],\"menus\":[]}}', '列表查询角色', '0', NULL, '2023-08-02 11:28:24');
INSERT INTO `sys_oper_log` VALUES ('49eaad6662933276035d3d0f84adc974', '/sys-dept', '01', 'com.ht.module.sys.controller.SysDeptController', 'GET', '1', '/back/sys-dept/findTree', '192.168.3.118', '{\"en\":{}}', '获取部门树', '0', NULL, '2023-08-02 11:27:45');
INSERT INTO `sys_oper_log` VALUES ('4a2b709713566167d1a2df718ea9f19d', '/sys-user', '01', 'com.ht.module.sys.controller.SysUserController', 'GET', '1', '/back/sys-user/findPage', '192.168.3.118', '{\"pager\":{\"current\":1,\"hitCount\":false,\"limit\":20,\"offset\":0,\"orderByClause\":\"create_date desc\",\"orders\":[{\"asc\":false,\"column\":\"create_date\"}],\"pages\":0,\"records\":[],\"searchCount\":true,\"size\":20,\"sortdatafield\":\"create_date\",\"sortorder\":\"desc\",\"total\":0},\"en\":{}}', '分页查询用户信息', '0', NULL, '2023-08-02 10:58:22');
INSERT INTO `sys_oper_log` VALUES ('4a6ec217bef2266bb51538dbb7d1c27f', '/sys-dept', '01', 'com.ht.module.sys.controller.SysDeptController', 'GET', '1', '/back/sys-dept/findTreeAuth', '192.168.3.118', '{\"en\":{}}', '携带权限查询部门树', '0', NULL, '2023-08-02 10:20:22');
INSERT INTO `sys_oper_log` VALUES ('4aaaf627ed30e5e97fd3096464d70d47', '/sys-user', '01', 'com.ht.module.sys.controller.SysUserController', 'GET', '1', '/back/sys-user/findPage', '192.168.3.118', '{\"pager\":{\"current\":1,\"hitCount\":false,\"limit\":20,\"offset\":0,\"orderByClause\":\"create_date desc\",\"orders\":[{\"asc\":false,\"column\":\"create_date\"}],\"pages\":0,\"records\":[],\"searchCount\":true,\"size\":20,\"sortdatafield\":\"create_date\",\"sortorder\":\"desc\",\"total\":0},\"en\":{}}', '分页查询用户信息', '0', NULL, '2023-08-02 15:18:46');
INSERT INTO `sys_oper_log` VALUES ('4aee286a6ffed3d36c8f435551b7ed5a', '/sys-dept', '01', 'com.ht.module.sys.controller.SysDeptController', 'GET', '1', '/back/sys-dept/findTreeAuth', '192.168.3.118', '{\"en\":{}}', '携带权限查询部门树', '0', NULL, '2023-08-02 15:17:06');
INSERT INTO `sys_oper_log` VALUES ('4b2cda0dfe2a945ee855ff479e7ae71e', '/sys-role', '01', 'com.ht.module.sys.controller.SysRoleController', 'GET', 'af2ed49dcffaa2b45225b5b752798422', '/back/sys-role/findPage', '192.168.3.118', '{\"pager\":{\"current\":1,\"hitCount\":false,\"limit\":20,\"offset\":0,\"orderByClause\":\"create_date desc\",\"orders\":[{\"asc\":false,\"column\":\"create_date\"}],\"pages\":0,\"records\":[],\"searchCount\":true,\"size\":20,\"sortdatafield\":\"create_date\",\"sortorder\":\"desc\",\"total\":0},\"en\":{\"custom\":[],\"menus\":[]}}', '分页查询角色', '0', NULL, '2023-08-02 15:14:06');
INSERT INTO `sys_oper_log` VALUES ('4b9fc4b745fd9f987560ea4e9891b423', '/sys-dict', '01', 'com.ht.module.sys.controller.SysDictController', 'GET', '1', '/back/sys-dict/findPage', '192.168.3.118', '{\"pager\":{\"current\":1,\"hitCount\":false,\"limit\":20,\"offset\":0,\"orderByClause\":\"create_date desc\",\"orders\":[{\"asc\":false,\"column\":\"create_date\"}],\"pages\":0,\"records\":[],\"searchCount\":true,\"size\":20,\"sortdatafield\":\"create_date\",\"sortorder\":\"desc\",\"total\":0},\"sysDict\":{}}', '分页查询字典', '0', NULL, '2023-08-02 11:48:04');
INSERT INTO `sys_oper_log` VALUES ('4bde46c65511b09334f1e898137db0fc', '/sys-user', '01', 'com.ht.module.sys.controller.SysUserController', 'GET', '1', '/back/sys-user/findPage', '192.168.3.118', '{\"pager\":{\"current\":1,\"hitCount\":false,\"limit\":20,\"offset\":0,\"orderByClause\":\"create_date desc\",\"orders\":[{\"asc\":false,\"column\":\"create_date\"}],\"pages\":0,\"records\":[],\"searchCount\":true,\"size\":20,\"sortdatafield\":\"create_date\",\"sortorder\":\"desc\",\"total\":0},\"en\":{}}', '分页查询用户信息', '0', NULL, '2023-08-02 15:31:24');
INSERT INTO `sys_oper_log` VALUES ('4c382298e07bb439fbd2088d9de189b3', '/sys-role', '01', 'com.ht.module.sys.controller.SysRoleController', 'GET', '1', '/back/sys-role/findPage', '192.168.3.118', '{\"pager\":{\"current\":1,\"hitCount\":false,\"limit\":20,\"offset\":0,\"orderByClause\":\"create_date desc\",\"orders\":[{\"asc\":false,\"column\":\"create_date\"}],\"pages\":0,\"records\":[],\"searchCount\":true,\"size\":20,\"sortdatafield\":\"create_date\",\"sortorder\":\"desc\",\"total\":0},\"en\":{\"custom\":[],\"menus\":[]}}', '分页查询角色', '0', NULL, '2023-08-02 15:22:21');
INSERT INTO `sys_oper_log` VALUES ('4cd9f2a75bf43bf88700a421b28cd0fe', '/sys-user', '03', 'com.ht.module.sys.controller.SysUserController', 'POST', '1', '/back/sys-user/updateState/7791d64d712380e7a5729acfb74ccce7/01', '192.168.3.118', '{\"val\":\"01\",\"id\":\"7791d64d712380e7a5729acfb74ccce7\"}', '修改用户状态', '0', NULL, '2023-08-02 15:17:27');
INSERT INTO `sys_oper_log` VALUES ('4d8ce0ae4f4e1b0ecb5c6f0237d13920', '/sys-dept', '01', 'com.ht.module.sys.controller.SysDeptController', 'GET', '1', '/back/sys-dept/findTree', '192.168.3.118', '{\"en\":{}}', '获取部门树', '0', NULL, '2023-08-02 15:11:09');
INSERT INTO `sys_oper_log` VALUES ('4d9d8736f239e900c982419f2f212f07', '/sys-user', '01', 'com.ht.module.sys.controller.SysUserController', 'GET', '1', '/back/sys-user/findPage', '192.168.3.118', '{\"pager\":{\"current\":1,\"hitCount\":false,\"limit\":20,\"offset\":0,\"orderByClause\":\"create_date desc\",\"orders\":[{\"asc\":false,\"column\":\"create_date\"}],\"pages\":0,\"records\":[],\"searchCount\":true,\"size\":20,\"sortdatafield\":\"create_date\",\"sortorder\":\"desc\",\"total\":0},\"en\":{}}', '分页查询用户信息', '0', NULL, '2023-08-02 15:29:42');
INSERT INTO `sys_oper_log` VALUES ('4dd8e8452e5df866f94a0ab11af952fa', '/sys-dept', '01', 'com.ht.module.sys.controller.SysDeptController', 'GET', '1', '/back/sys-dept/findTreeAuth', '192.168.3.118', '{\"en\":{}}', '携带权限查询部门树', '0', NULL, '2023-08-02 15:15:04');
INSERT INTO `sys_oper_log` VALUES ('4e035c4a6d6c009ec09dd3313749696a', '/sys-user', '01', 'com.ht.module.sys.controller.SysUserController', 'GET', '1', '/back/sys-user/findPage', '192.168.3.118', '{\"pager\":{\"current\":1,\"hitCount\":false,\"limit\":20,\"offset\":0,\"orderByClause\":\"create_date desc\",\"orders\":[{\"asc\":false,\"column\":\"create_date\"}],\"pages\":0,\"records\":[],\"searchCount\":true,\"size\":20,\"sortdatafield\":\"create_date\",\"sortorder\":\"desc\",\"total\":0},\"en\":{}}', '分页查询用户信息', '0', NULL, '2023-08-02 15:15:56');
INSERT INTO `sys_oper_log` VALUES ('4e9181c245ca172e80aa4dbf51360bdd', '/sys-role', '01', 'com.ht.module.sys.controller.SysRoleController', 'GET', '1', '/back/sys-role/findList', '192.168.3.118', '{\"en\":{\"custom\":[],\"menus\":[]}}', '列表查询角色', '0', NULL, '2023-08-02 15:31:24');
INSERT INTO `sys_oper_log` VALUES ('4ef68ec08a2460545df9b4a211c57157', '/sys-role-auth', '01', 'com.ht.module.sys.controller.SysRoleAuthController', 'GET', '1', '/back/sys-role-auth/findCustomByRoleId/undefined', '192.168.3.118', '{\"roleId\":\"undefined\"}', '通过角色ID获取角色自定义权限', '0', NULL, '2023-08-02 15:22:31');
INSERT INTO `sys_oper_log` VALUES ('4f03fdd32cd1f273d833d42a473351f2', '/sys-role', '01', 'com.ht.module.sys.controller.SysRoleController', 'GET', '1', '/back/sys-role/findList', '192.168.3.118', '{\"en\":{\"custom\":[],\"menus\":[]}}', '列表查询角色', '0', NULL, '2023-08-02 15:18:09');
INSERT INTO `sys_oper_log` VALUES ('4f272be03527d2f5767ce7374cf82b44', '/sys-dict', '01', 'com.ht.module.sys.controller.SysDictController', 'GET', '1', '/back/sys-dict/findPage', '192.168.3.118', '{\"pager\":{\"current\":1,\"hitCount\":false,\"limit\":20,\"offset\":0,\"orderByClause\":\"create_date desc\",\"orders\":[{\"asc\":false,\"column\":\"create_date\"}],\"pages\":0,\"records\":[],\"searchCount\":true,\"size\":20,\"sortdatafield\":\"create_date\",\"sortorder\":\"desc\",\"total\":0},\"sysDict\":{}}', '分页查询字典', '0', NULL, '2023-08-02 15:28:58');
INSERT INTO `sys_oper_log` VALUES ('50e6803f5ea01fee923ca8fd1e63bf34', '/sys-user', '01', 'com.ht.module.sys.controller.SysUserController', 'GET', '1', '/back/sys-user/findPage', '192.168.3.118', '{\"pager\":{\"current\":1,\"hitCount\":false,\"limit\":20,\"offset\":0,\"orderByClause\":\"create_date desc\",\"orders\":[{\"asc\":false,\"column\":\"create_date\"}],\"pages\":1,\"records\":[],\"searchCount\":true,\"size\":20,\"sortdatafield\":\"create_date\",\"sortorder\":\"desc\",\"total\":2},\"en\":{}}', '分页查询用户信息', '0', NULL, '2023-08-02 15:17:25');
INSERT INTO `sys_oper_log` VALUES ('516b70213116553c9a88245d865cebff', '/sys-dept', '01', 'com.ht.module.sys.controller.SysDeptController', 'GET', 'af2ed49dcffaa2b45225b5b752798422', '/back/sys-dept/findTree', '192.168.3.118', '{\"en\":{}}', '获取部门树', '0', NULL, '2023-08-02 15:14:06');
INSERT INTO `sys_oper_log` VALUES ('518557aba9d84bd4c60c233b826e3582', '/sys-dept', '01', 'com.ht.module.sys.controller.SysDeptController', 'GET', '1', '/back/sys-dept/findTreeAuth', '192.168.3.118', '{\"en\":{}}', '携带权限查询部门树', '0', NULL, '2023-08-02 15:18:47');
INSERT INTO `sys_oper_log` VALUES ('51be93081458bd3153e71571d924d9e6', '/sys-role', '01', 'com.ht.module.sys.controller.SysRoleController', 'GET', '1', '/back/sys-role/findPage', '192.168.3.118', '{\"pager\":{\"current\":1,\"hitCount\":false,\"limit\":20,\"offset\":0,\"orderByClause\":\"create_date desc\",\"orders\":[{\"asc\":false,\"column\":\"create_date\"}],\"pages\":0,\"records\":[],\"searchCount\":true,\"size\":20,\"sortdatafield\":\"create_date\",\"sortorder\":\"desc\",\"total\":0},\"en\":{\"custom\":[],\"menus\":[]}}', '分页查询角色', '0', NULL, '2023-08-02 10:03:56');
INSERT INTO `sys_oper_log` VALUES ('520b75cdf32594001374e84ee7cc9f62', '/sys-role', '01', 'com.ht.module.sys.controller.SysRoleController', 'GET', '1', '/back/sys-role/findList', '192.168.3.118', '{\"en\":{\"custom\":[],\"menus\":[]}}', '列表查询角色', '0', NULL, '2023-08-02 15:22:07');
INSERT INTO `sys_oper_log` VALUES ('520d29b32e41bf1fd7d9283f90d1cf68', '/sys-dept', '01', 'com.ht.module.sys.controller.SysDeptController', 'GET', '1', '/back/sys-dept/findTreeAuth', '192.168.3.118', '{\"en\":{}}', '携带权限查询部门树', '0', NULL, '2023-08-02 15:28:20');
INSERT INTO `sys_oper_log` VALUES ('52dff1c538910d36914367615a607deb', '/sys-dept', '01', 'com.ht.module.sys.controller.SysDeptController', 'GET', '1', '/back/sys-dept/findTreeAuth', '192.168.3.118', '{\"en\":{}}', '携带权限查询部门树', '0', NULL, '2023-08-02 15:13:46');
INSERT INTO `sys_oper_log` VALUES ('5315fa41d8c4564b2cc324c88b1ec798', '/sys-user', '01', 'com.ht.module.sys.controller.SysUserController', 'GET', '1', '/back/sys-user/findPage', '192.168.3.118', '{\"pager\":{\"current\":1,\"hitCount\":false,\"limit\":20,\"offset\":0,\"orderByClause\":\"create_date desc\",\"orders\":[{\"asc\":false,\"column\":\"create_date\"}],\"pages\":0,\"records\":[],\"searchCount\":true,\"size\":20,\"sortdatafield\":\"create_date\",\"sortorder\":\"desc\",\"total\":0},\"en\":{}}', '分页查询用户信息', '0', NULL, '2023-08-02 10:57:12');
INSERT INTO `sys_oper_log` VALUES ('532fa929248239f3afc45b63b92a0905', '/sys-oper-log', '04', 'com.ht.module.sys.controller.SysOperLogController', 'DELETE', '1', '/back/sys-oper-log/delete-by-id/5cc5d71715dbbf1d69432b171b9612a2', '192.168.3.118', '{\"id\":\"5cc5d71715dbbf1d69432b171b9612a2\"}', '删除日志', '0', NULL, '2023-08-02 15:11:03');
INSERT INTO `sys_oper_log` VALUES ('53b3613ab0e02eb0ed54c0ae2c2815b2', '/sys-role', '01', 'com.ht.module.sys.controller.SysRoleController', 'GET', '1', '/back/sys-role/findList', '192.168.3.118', '{\"en\":{\"custom\":[],\"menus\":[]}}', '列表查询角色', '0', NULL, '2023-08-02 15:28:54');
INSERT INTO `sys_oper_log` VALUES ('53cfbae3201394e0a3e13e323df1ae68', '/sys-role', '01', 'com.ht.module.sys.controller.SysRoleController', 'GET', '1', '/back/sys-role/findList', '192.168.3.118', '{\"en\":{\"custom\":[],\"menus\":[]}}', '列表查询角色', '0', NULL, '2023-08-02 15:11:09');
INSERT INTO `sys_oper_log` VALUES ('546a91b8b168bef1cc42b3af3d6fbd09', '/sys-dept', '01', 'com.ht.module.sys.controller.SysDeptController', 'GET', '1', '/back/sys-dept/findTree', '192.168.3.118', '{\"en\":{}}', '获取部门树', '0', NULL, '2023-08-02 15:27:34');
INSERT INTO `sys_oper_log` VALUES ('5489a17101b23aecee91421dbdf75308', '/sys-role', '01', 'com.ht.module.sys.controller.SysRoleController', 'GET', '1', '/back/sys-role/findList', '192.168.3.118', '{\"en\":{\"custom\":[],\"menus\":[]}}', '列表查询角色', '0', NULL, '2023-08-02 15:28:20');
INSERT INTO `sys_oper_log` VALUES ('54c4b20d8b9e922efd7679d405824526', '/sys-user', '01', 'com.ht.module.sys.controller.SysUserController', 'GET', '1', '/back/sys-user/findPage', '192.168.3.118', '{\"pager\":{\"current\":1,\"hitCount\":false,\"limit\":20,\"offset\":0,\"orderByClause\":\"create_date desc\",\"orders\":[{\"asc\":false,\"column\":\"create_date\"}],\"pages\":0,\"records\":[],\"searchCount\":true,\"size\":20,\"sortdatafield\":\"create_date\",\"sortorder\":\"desc\",\"total\":0},\"en\":{}}', '分页查询用户信息', '0', NULL, '2023-08-02 15:22:07');
INSERT INTO `sys_oper_log` VALUES ('558a835c10727e3e06555b597573e4ee', '/sys-dept', '01', 'com.ht.module.sys.controller.SysDeptController', 'GET', '1', '/back/sys-dept/findTreeAuth', '192.168.3.118', '{\"en\":{}}', '携带权限查询部门树', '0', NULL, '2023-08-02 15:27:43');
INSERT INTO `sys_oper_log` VALUES ('5638ad256f12b76746e97849aaa3d586', '/sys-role', '01', 'com.ht.module.sys.controller.SysRoleController', 'GET', '1', '/back/sys-role/findList', '192.168.3.118', '{\"en\":{\"custom\":[],\"menus\":[]}}', '列表查询角色', '0', NULL, '2023-08-02 15:18:03');
INSERT INTO `sys_oper_log` VALUES ('56744749fd14bb3a821a7d85e771cc17', '/sys-dict', '01', 'com.ht.module.sys.controller.SysDictController', 'GET', '1', '/back/sys-dict/findPage', '192.168.3.118', '{\"pager\":{\"current\":1,\"hitCount\":false,\"limit\":20,\"offset\":0,\"orderByClause\":\"create_date desc\",\"orders\":[{\"asc\":false,\"column\":\"create_date\"}],\"pages\":0,\"records\":[],\"searchCount\":true,\"size\":20,\"sortdatafield\":\"create_date\",\"sortorder\":\"desc\",\"total\":0},\"sysDict\":{}}', '分页查询字典', '0', NULL, '2023-08-02 10:20:23');
INSERT INTO `sys_oper_log` VALUES ('5737965a70938a288842c2e2437089b1', '/sys-user', '01', 'com.ht.module.sys.controller.SysUserController', 'GET', '1', '/back/sys-user/findPage', '192.168.3.118', '{\"pager\":{\"current\":1,\"hitCount\":false,\"limit\":20,\"offset\":0,\"orderByClause\":\"create_date desc\",\"orders\":[{\"asc\":false,\"column\":\"create_date\"}],\"pages\":1,\"records\":[],\"searchCount\":true,\"size\":20,\"sortdatafield\":\"create_date\",\"sortorder\":\"desc\",\"total\":3},\"en\":{}}', '分页查询用户信息', '0', NULL, '2023-08-02 15:17:29');
INSERT INTO `sys_oper_log` VALUES ('574832596c90d1e8bd5be7422200af2e', '/sys-role', '04', 'com.ht.module.sys.controller.SysRoleController', 'DELETE', '1', '/back/sys-role/delete-by-id/15e585598274f4862ae1373e1495c14b', '192.168.3.118', '{\"id\":\"15e585598274f4862ae1373e1495c14b\"}', '删除角色', '0', NULL, '2023-08-02 15:22:55');
INSERT INTO `sys_oper_log` VALUES ('5849a4eec78557163d9053996eb9f537', '/sys-menu', '01', 'com.ht.module.sys.controller.SysMenuController', 'GET', '1', '/back/sys-menu/findMenuTree', '192.168.3.118', '{}', '查询出菜单树', '0', NULL, '2023-08-02 15:28:05');
INSERT INTO `sys_oper_log` VALUES ('5994ab856718bfa3ef80ba869486503a', '/sys-dept', '01', 'com.ht.module.sys.controller.SysDeptController', 'GET', '1', '/back/sys-dept/findTreeAuth', '192.168.3.118', '{\"en\":{}}', '携带权限查询部门树', '0', NULL, '2023-08-02 11:46:30');
INSERT INTO `sys_oper_log` VALUES ('5c737815b33337b4cab5e6e6459ecbfe', '/sys-dept', '01', 'com.ht.module.sys.controller.SysDeptController', 'GET', '1', '/back/sys-dept/findTree', '192.168.3.118', '{\"en\":{}}', '获取部门树', '0', NULL, '2023-08-02 15:27:13');
INSERT INTO `sys_oper_log` VALUES ('5d14abfb13ab8e2f12aef0eba47f7409', '/sys-dept', '01', 'com.ht.module.sys.controller.SysDeptController', 'GET', '1', '/back/sys-dept/findTree', '192.168.3.118', '{\"en\":{}}', '获取部门树', '0', NULL, '2023-08-02 10:58:57');
INSERT INTO `sys_oper_log` VALUES ('5d1f3793ffb3cf3ebe0fd67bce1b49c7', '/sys-role', '01', 'com.ht.module.sys.controller.SysRoleController', 'GET', '1', '/back/sys-role/findList', '192.168.3.118', '{\"en\":{\"custom\":[],\"menus\":[]}}', '列表查询角色', '0', NULL, '2023-08-02 15:15:50');
INSERT INTO `sys_oper_log` VALUES ('5db4a84aeefb4e3c9cc04580c62f43c1', '/sys-user', '01', 'com.ht.module.sys.controller.SysUserController', 'GET', '1', '/back/sys-user/findPage', '192.168.3.118', '{\"pager\":{\"current\":1,\"hitCount\":false,\"limit\":20,\"offset\":0,\"orderByClause\":\"create_date desc\",\"orders\":[{\"asc\":false,\"column\":\"create_date\"}],\"pages\":0,\"records\":[],\"searchCount\":true,\"size\":20,\"sortdatafield\":\"create_date\",\"sortorder\":\"desc\",\"total\":0},\"en\":{}}', '分页查询用户信息', '0', NULL, '2023-08-02 15:28:20');
INSERT INTO `sys_oper_log` VALUES ('5ebaaa0abcd39d0709f6881c2547471c', '/sys-user', '01', 'com.ht.module.sys.controller.SysUserController', 'GET', '1', '/back/sys-user/findPage', '192.168.3.118', '{\"pager\":{\"current\":1,\"hitCount\":false,\"limit\":20,\"offset\":0,\"orderByClause\":\"create_date desc\",\"orders\":[{\"asc\":false,\"column\":\"create_date\"}],\"pages\":0,\"records\":[],\"searchCount\":true,\"size\":20,\"sortdatafield\":\"create_date\",\"sortorder\":\"desc\",\"total\":0},\"en\":{}}', '分页查询用户信息', '0', NULL, '2023-08-02 15:19:33');
INSERT INTO `sys_oper_log` VALUES ('609566b6a2969b3a7b649814789a14b1', '/sys-user', '01', 'com.ht.module.sys.controller.SysUserController', 'GET', 'af2ed49dcffaa2b45225b5b752798422', '/back/sys-user/findPage', '192.168.3.118', '{\"pager\":{\"current\":1,\"hitCount\":false,\"limit\":20,\"offset\":0,\"orderByClause\":\"create_date desc\",\"orders\":[{\"asc\":false,\"column\":\"create_date\"}],\"pages\":1,\"records\":[],\"searchCount\":true,\"size\":20,\"sortdatafield\":\"create_date\",\"sortorder\":\"desc\",\"total\":2},\"en\":{}}', '分页查询用户信息', '0', NULL, '2023-08-02 15:14:02');
INSERT INTO `sys_oper_log` VALUES ('61a0a11fe3ccc0e8465846104685e34d', '/sys-dept', '01', 'com.ht.module.sys.controller.SysDeptController', 'GET', '1', '/back/sys-dept/findTreeAuth', '192.168.3.118', '{\"en\":{}}', '携带权限查询部门树', '0', NULL, '2023-08-02 15:29:39');
INSERT INTO `sys_oper_log` VALUES ('61e1c58226a1be640817881d82120398', '/sys-menu', '01', 'com.ht.module.sys.controller.SysMenuController', 'GET', 'af2ed49dcffaa2b45225b5b752798422', '/back/sys-menu/findMenuTree', '192.168.3.118', '{}', '查询出菜单树', '0', NULL, '2023-08-02 15:14:08');
INSERT INTO `sys_oper_log` VALUES ('626028ad786cc36d70453d60bb43e5f5', '/sys-dept', '01', 'com.ht.module.sys.controller.SysDeptController', 'GET', '1', '/back/sys-dept/findTreeAuth', '192.168.3.118', '{\"en\":{}}', '携带权限查询部门树', '0', NULL, '2023-08-02 15:27:13');
INSERT INTO `sys_oper_log` VALUES ('62f6df3f07cf7d464f4291542251842b', '/sys-dept', '01', 'com.ht.module.sys.controller.SysDeptController', 'GET', '1', '/back/sys-dept/findTreeAuth', '192.168.3.118', '{\"en\":{}}', '携带权限查询部门树', '0', NULL, '2023-08-02 11:28:24');
INSERT INTO `sys_oper_log` VALUES ('62fc8e0c17015438d9653679cd8ab393', '/sys-dict', '01', 'com.ht.module.sys.controller.SysDictController', 'GET', '1', '/back/sys-dict/findPage', '192.168.3.118', '{\"pager\":{\"current\":1,\"hitCount\":false,\"limit\":20,\"offset\":0,\"orderByClause\":\"create_date desc\",\"orders\":[{\"asc\":false,\"column\":\"create_date\"}],\"pages\":0,\"records\":[],\"searchCount\":true,\"size\":20,\"sortdatafield\":\"create_date\",\"sortorder\":\"desc\",\"total\":0},\"sysDict\":{}}', '分页查询字典', '0', NULL, '2023-08-02 11:27:06');
INSERT INTO `sys_oper_log` VALUES ('63fd4316a37c9dde2c575adf4921cb99', '/base-scheduled-task', '01', 'com.ht.module.base.controller.BaseScheduledTaskController', 'GET', '1', '/back/base-scheduled-task/findPage', '192.168.3.118', '{\"pager\":{\"current\":1,\"hitCount\":false,\"limit\":20,\"offset\":0,\"orderByClause\":\"create_date desc\",\"orders\":[{\"asc\":false,\"column\":\"create_date\"}],\"pages\":0,\"records\":[],\"searchCount\":true,\"size\":20,\"sortdatafield\":\"create_date\",\"sortorder\":\"desc\",\"total\":0},\"en\":{}}', '分页查询定时任务', '0', NULL, '2023-08-02 11:27:03');
INSERT INTO `sys_oper_log` VALUES ('6478267b8e798df368d1e49881569dd3', '/sys-user', '03', 'com.ht.module.sys.controller.SysUserController', 'POST', '1', '/back/sys-user/updateState/7791d64d712380e7a5729acfb74ccce7/02', '192.168.3.118', '{\"val\":\"02\",\"id\":\"7791d64d712380e7a5729acfb74ccce7\"}', '修改用户状态', '0', NULL, '2023-08-02 15:17:26');
INSERT INTO `sys_oper_log` VALUES ('651f3560ee2c7ecee4909f5e672723fd', '/sys-user', '01', 'com.ht.module.sys.controller.SysUserController', 'GET', '1', '/back/sys-user/findPage', '192.168.3.118', '{\"pager\":{\"current\":1,\"hitCount\":false,\"limit\":20,\"offset\":0,\"orderByClause\":\"create_date desc\",\"orders\":[{\"asc\":false,\"column\":\"create_date\"}],\"pages\":0,\"records\":[],\"searchCount\":true,\"size\":20,\"sortdatafield\":\"create_date\",\"sortorder\":\"desc\",\"total\":0},\"en\":{}}', '分页查询用户信息', '0', NULL, '2023-08-02 15:18:09');
INSERT INTO `sys_oper_log` VALUES ('657224e710377683ada81508eb9ae7f6', '/sys-dept', '01', 'com.ht.module.sys.controller.SysDeptController', 'GET', '1', '/back/sys-dept/findTree', '192.168.3.118', '{\"en\":{}}', '获取部门树', '0', NULL, '2023-08-02 15:28:20');
INSERT INTO `sys_oper_log` VALUES ('65dd2edd9bc3e1532918592a90e69c1e', '/sys-dept', '01', 'com.ht.module.sys.controller.SysDeptController', 'GET', '1', '/back/sys-dept/findTreeAuth', '192.168.3.118', '{\"en\":{}}', '携带权限查询部门树', '0', NULL, '2023-08-02 11:33:05');
INSERT INTO `sys_oper_log` VALUES ('6639ebf1553c90af28d1a91bf6bff42d', '/sys-role', '01', 'com.ht.module.sys.controller.SysRoleController', 'GET', '1', '/back/sys-role/findList', '192.168.3.118', '{\"en\":{\"custom\":[],\"menus\":[]}}', '列表查询角色', '0', NULL, '2023-08-02 15:32:11');
INSERT INTO `sys_oper_log` VALUES ('66d7201caf7e01bec8cc14f7e08ad060', '/sys-role', '01', 'com.ht.module.sys.controller.SysRoleController', 'GET', '1', '/back/sys-role/findList', '192.168.3.118', '{\"en\":{\"custom\":[],\"menus\":[]}}', '列表查询角色', '0', NULL, '2023-08-02 15:18:46');
INSERT INTO `sys_oper_log` VALUES ('6837b5b0d5a172988ffe66dd71f5dfbe', '/sys-role', '01', 'com.ht.module.sys.controller.SysRoleController', 'GET', '1', '/back/sys-role/findList', '192.168.3.118', '{\"en\":{\"custom\":[],\"menus\":[]}}', '列表查询角色', '0', NULL, '2023-08-02 15:32:11');
INSERT INTO `sys_oper_log` VALUES ('6844543d30ec00028bfa5d206fc2712d', '/sys-dept', '01', 'com.ht.module.sys.controller.SysDeptController', 'GET', '1', '/back/sys-dept/findTree', '192.168.3.118', '{\"en\":{}}', '获取部门树', '0', NULL, '2023-08-02 15:30:03');
INSERT INTO `sys_oper_log` VALUES ('68521d0df7ec5f202f83c9d3142efaa6', '/sys-role', '01', 'com.ht.module.sys.controller.SysRoleController', 'GET', '1', '/back/sys-role/findPage', '192.168.3.118', '{\"pager\":{\"current\":1,\"hitCount\":false,\"limit\":20,\"offset\":0,\"orderByClause\":\"create_date desc\",\"orders\":[{\"asc\":false,\"column\":\"create_date\"}],\"pages\":0,\"records\":[],\"searchCount\":true,\"size\":20,\"sortdatafield\":\"create_date\",\"sortorder\":\"desc\",\"total\":0},\"en\":{\"custom\":[],\"menus\":[]}}', '分页查询角色', '0', NULL, '2023-08-02 15:28:55');
INSERT INTO `sys_oper_log` VALUES ('69244bbfe8373fe0b0de1e49f76c07ea', '/sys-user', '01', 'com.ht.module.sys.controller.SysUserController', 'GET', '1', '/back/sys-user/findPage', '192.168.3.118', '{\"pager\":{\"current\":1,\"hitCount\":false,\"limit\":20,\"offset\":0,\"orderByClause\":\"create_date desc\",\"orders\":[{\"asc\":false,\"column\":\"create_date\"}],\"pages\":1,\"records\":[],\"searchCount\":true,\"size\":20,\"sortdatafield\":\"create_date\",\"sortorder\":\"desc\",\"total\":3},\"en\":{}}', '分页查询用户信息', '0', NULL, '2023-08-02 15:22:16');
INSERT INTO `sys_oper_log` VALUES ('69aebba3b259ea422d89ac5473b1853d', '/sys-role', '01', 'com.ht.module.sys.controller.SysRoleController', 'GET', '1', '/back/sys-role/findList', '192.168.3.118', '{\"en\":{\"custom\":[],\"menus\":[]}}', '列表查询角色', '0', NULL, '2023-08-02 15:27:13');
INSERT INTO `sys_oper_log` VALUES ('6c3ac20e1af89ba355556a3ca6328fbb', '/sys-menu', '01', 'com.ht.module.sys.controller.SysMenuController', 'GET', '1', '/back/sys-menu/findMenuTree', '192.168.3.118', '{}', '查询出菜单树', '0', NULL, '2023-08-02 10:57:12');
INSERT INTO `sys_oper_log` VALUES ('6cd31177ca1e27a6ff5c06c7734839de', '/sys-user', '01', 'com.ht.module.sys.controller.SysUserController', 'GET', '1', '/back/sys-user/findPage', '192.168.3.118', '{\"pager\":{\"current\":1,\"hitCount\":false,\"limit\":20,\"offset\":0,\"orderByClause\":\"create_date desc\",\"orders\":[{\"asc\":false,\"column\":\"create_date\"}],\"pages\":1,\"records\":[],\"searchCount\":true,\"size\":20,\"sortdatafield\":\"create_date\",\"sortorder\":\"desc\",\"total\":2},\"en\":{}}', '分页查询用户信息', '0', NULL, '2023-08-02 15:17:15');
INSERT INTO `sys_oper_log` VALUES ('6db86f0cd7986218d326a4e3febceaec', '/sys-dict', '01', 'com.ht.module.sys.controller.SysDictController', 'GET', '1', '/back/sys-dict/findPage', '192.168.3.118', '{\"pager\":{\"current\":1,\"hitCount\":false,\"limit\":20,\"offset\":0,\"orderByClause\":\"create_date desc\",\"orders\":[{\"asc\":false,\"column\":\"create_date\"}],\"pages\":0,\"records\":[],\"searchCount\":true,\"size\":20,\"sortdatafield\":\"create_date\",\"sortorder\":\"desc\",\"total\":0},\"sysDict\":{}}', '分页查询字典', '0', NULL, '2023-08-02 11:47:59');
INSERT INTO `sys_oper_log` VALUES ('6e41627323c3c9a501799a4e30e7ec06', '/sys-role', '01', 'com.ht.module.sys.controller.SysRoleController', 'GET', '1', '/back/sys-role/findPage', '192.168.3.118', '{\"pager\":{\"current\":1,\"hitCount\":false,\"limit\":20,\"offset\":0,\"orderByClause\":\"create_date desc\",\"orders\":[{\"asc\":false,\"column\":\"create_date\"}],\"pages\":1,\"records\":[],\"searchCount\":true,\"size\":20,\"sortdatafield\":\"create_date\",\"sortorder\":\"desc\",\"total\":2},\"en\":{\"custom\":[],\"menus\":[]}}', '分页查询角色', '0', NULL, '2023-08-02 15:22:23');
INSERT INTO `sys_oper_log` VALUES ('6e6d9698dd3f641311609822a1df6f92', '/sys-dept', '01', 'com.ht.module.sys.controller.SysDeptController', 'GET', '1', '/back/sys-dept/findTreeAuth', '192.168.3.118', '{\"en\":{}}', '携带权限查询部门树', '0', NULL, '2023-08-02 15:27:59');
INSERT INTO `sys_oper_log` VALUES ('6e7ec9ed1cf245ca7b8ae7345b8784c7', '/sys-role', '01', 'com.ht.module.sys.controller.SysRoleController', 'GET', '1', '/back/sys-role/findList', '192.168.3.118', '{\"en\":{\"custom\":[],\"menus\":[]}}', '列表查询角色', '0', NULL, '2023-08-02 15:13:46');
INSERT INTO `sys_oper_log` VALUES ('6f0d2c633e7a7dcd507d94f4cc9fc85f', '/sys-menu', '01', 'com.ht.module.sys.controller.SysMenuController', 'GET', '1', '/back/sys-menu/findMenuTree', '192.168.3.118', '{}', '查询出菜单树', '0', NULL, '2023-08-02 15:07:30');
INSERT INTO `sys_oper_log` VALUES ('6f3b2c9a7521e288e3aa9914e1893df7', '/sys-dept', '01', 'com.ht.module.sys.controller.SysDeptController', 'GET', '1', '/back/sys-dept/findTreeAuth', '192.168.3.118', '{\"en\":{}}', '携带权限查询部门树', '0', NULL, '2023-08-02 15:11:09');
INSERT INTO `sys_oper_log` VALUES ('705a1fd3668188a7b849bf160c289eab', '/sys-role', '01', 'com.ht.module.sys.controller.SysRoleController', 'GET', '1', '/back/sys-role/findPage', '192.168.3.118', '{\"pager\":{\"current\":1,\"hitCount\":false,\"limit\":20,\"offset\":0,\"orderByClause\":\"create_date desc\",\"orders\":[{\"asc\":false,\"column\":\"create_date\"}],\"pages\":0,\"records\":[],\"searchCount\":true,\"size\":20,\"sortdatafield\":\"create_date\",\"sortorder\":\"desc\",\"total\":0},\"en\":{\"custom\":[],\"menus\":[]}}', '分页查询角色', '0', NULL, '2023-08-02 15:31:25');
INSERT INTO `sys_oper_log` VALUES ('706f1850647f667ff6526900c114118d', '/sys-dept', '01', 'com.ht.module.sys.controller.SysDeptController', 'GET', '1', '/back/sys-dept/findTree', '192.168.3.118', '{\"en\":{}}', '获取部门树', '0', NULL, '2023-08-02 15:31:25');
INSERT INTO `sys_oper_log` VALUES ('706f2e7420e4f7b2d3e25a0e5d533874', '/base-scheduled-task', '01', 'com.ht.module.base.controller.BaseScheduledTaskController', 'GET', '1', '/back/base-scheduled-task/findPage', '192.168.3.118', '{\"pager\":{\"current\":1,\"hitCount\":false,\"limit\":20,\"offset\":0,\"orderByClause\":\"create_date desc\",\"orders\":[{\"asc\":false,\"column\":\"create_date\"}],\"pages\":0,\"records\":[],\"searchCount\":true,\"size\":20,\"sortdatafield\":\"create_date\",\"sortorder\":\"desc\",\"total\":0},\"en\":{}}', '分页查询定时任务', '0', NULL, '2023-08-02 10:12:21');
INSERT INTO `sys_oper_log` VALUES ('70d1022b5719ad6818d18eabd05e4690', '/sys-dept', '01', 'com.ht.module.sys.controller.SysDeptController', 'GET', '1', '/back/sys-dept/findTreeAuth', '192.168.3.118', '{\"en\":{}}', '携带权限查询部门树', '0', NULL, '2023-08-02 15:27:13');
INSERT INTO `sys_oper_log` VALUES ('71a9bfaff6859742556b91fe54a1a262', '/sys-menu', '01', 'com.ht.module.sys.controller.SysMenuController', 'GET', '1', '/back/sys-menu/findMenuTree', '192.168.3.118', '{}', '查询出菜单树', '0', NULL, '2023-08-02 15:32:11');
INSERT INTO `sys_oper_log` VALUES ('739277739b27a045f6502addff7a95e3', '/sys-role', '01', 'com.ht.module.sys.controller.SysRoleController', 'GET', '1', '/back/sys-role/findList', '192.168.3.118', '{\"en\":{\"custom\":[],\"menus\":[]}}', '列表查询角色', '0', NULL, '2023-05-06 09:39:30');
INSERT INTO `sys_oper_log` VALUES ('740fa78881809c2296386e3fae5d13e2', '/sys-role', '01', 'com.ht.module.sys.controller.SysRoleController', 'GET', '1', '/back/sys-role/findPage', '192.168.3.118', '{\"pager\":{\"current\":1,\"hitCount\":false,\"limit\":20,\"offset\":0,\"orderByClause\":\"create_date desc\",\"orders\":[{\"asc\":false,\"column\":\"create_date\"}],\"pages\":0,\"records\":[],\"searchCount\":true,\"size\":20,\"sortdatafield\":\"create_date\",\"sortorder\":\"desc\",\"total\":0},\"en\":{\"custom\":[],\"menus\":[]}}', '分页查询角色', '0', NULL, '2023-08-02 11:29:23');
INSERT INTO `sys_oper_log` VALUES ('7497a7cde1fba5d2f6cf067586b13c57', '/sys-menu', '01', 'com.ht.module.sys.controller.SysMenuController', 'GET', '1', '/back/sys-menu/findMenuTree', '192.168.3.118', '{}', '查询出菜单树', '0', NULL, '2023-08-02 15:31:28');
INSERT INTO `sys_oper_log` VALUES ('749c1b628f3a81a58e9b6ccab8c04e12', '/sys-role', '01', 'com.ht.module.sys.controller.SysRoleController', 'GET', '1', '/back/sys-role/findList', '192.168.3.118', '{\"en\":{\"custom\":[],\"menus\":[]}}', '列表查询角色', '0', NULL, '2023-08-02 10:58:22');
INSERT INTO `sys_oper_log` VALUES ('74c958cfb5c9a2f38ce3bc4261830e27', '/sys-dept', '01', 'com.ht.module.sys.controller.SysDeptController', 'GET', '1', '/back/sys-dept/findTreeAuth', '192.168.3.118', '{\"en\":{}}', '携带权限查询部门树', '0', NULL, '2023-08-02 11:46:25');
INSERT INTO `sys_oper_log` VALUES ('753a82563983dbeda9d6de478e9124fe', '/sys-dept', '01', 'com.ht.module.sys.controller.SysDeptController', 'GET', '1', '/back/sys-dept/findTreeAuth', '192.168.3.118', '{\"en\":{}}', '携带权限查询部门树', '0', NULL, '2023-08-02 15:23:16');
INSERT INTO `sys_oper_log` VALUES ('7565e9336f0be0ffe85f460e3dc4f4fe', '/sys-role', '01', 'com.ht.module.sys.controller.SysRoleController', 'GET', '1', '/back/sys-role/findPage', '192.168.3.118', '{\"pager\":{\"current\":1,\"hitCount\":false,\"limit\":20,\"offset\":0,\"orderByClause\":\"create_date desc\",\"orders\":[{\"asc\":false,\"column\":\"create_date\"}],\"pages\":0,\"records\":[],\"searchCount\":true,\"size\":20,\"sortdatafield\":\"create_date\",\"sortorder\":\"desc\",\"total\":0},\"en\":{\"custom\":[],\"menus\":[]}}', '分页查询角色', '0', NULL, '2023-08-02 11:45:36');
INSERT INTO `sys_oper_log` VALUES ('763ce41fff681d4cb1883bda4c67a199', '/sys-role', '01', 'com.ht.module.sys.controller.SysRoleController', 'GET', '1', '/back/sys-role/findPage', '192.168.3.118', '{\"pager\":{\"current\":1,\"hitCount\":false,\"limit\":20,\"offset\":0,\"orderByClause\":\"create_date desc\",\"orders\":[{\"asc\":false,\"column\":\"create_date\"}],\"pages\":0,\"records\":[],\"searchCount\":true,\"size\":20,\"sortdatafield\":\"create_date\",\"sortorder\":\"desc\",\"total\":0},\"en\":{\"custom\":[],\"menus\":[]}}', '分页查询角色', '0', NULL, '2023-08-02 15:12:03');
INSERT INTO `sys_oper_log` VALUES ('7666b53927230d58e45ffa65d50be139', '/sys-dept', '03', 'com.ht.module.sys.controller.SysDeptController', 'PUT', '1', '/back/sys-dept/update', '192.168.3.118', '{\"en\":{\"deptCode\":\"HT\",\"deptId\":\"8888b600c789bb11a7b7f1a303236156\",\"deptName\":\"HT科技有限公司\",\"parentId\":\"0\",\"sort\":1}}', '修改部门', '0', NULL, '2023-08-02 15:16:52');
INSERT INTO `sys_oper_log` VALUES ('767e20623b123d46f20ee78a37822283', '/sys-dept', '01', 'com.ht.module.sys.controller.SysDeptController', 'GET', '1', '/back/sys-dept/findTreeAuth', '192.168.3.118', '{\"en\":{}}', '携带权限查询部门树', '0', NULL, '2023-05-06 09:39:30');
INSERT INTO `sys_oper_log` VALUES ('76939c7acac779633acc52c3fb0eeb5b', '/sys-user', '03', 'com.ht.module.sys.controller.SysUserController', 'POST', '1', '/back/sys-user/resetPassword/7791d64d712380e7a5729acfb74ccce7', '192.168.3.118', '{\"id\":\"7791d64d712380e7a5729acfb74ccce7\"}', '重置用户密码', '0', NULL, '2023-08-02 15:22:20');
INSERT INTO `sys_oper_log` VALUES ('7841541e82381fcdff5f4f8b520e566e', '/sys-user', '01', 'com.ht.module.sys.controller.SysUserController', 'GET', '1', '/back/sys-user/findPage', '192.168.3.118', '{\"pager\":{\"current\":1,\"hitCount\":false,\"limit\":20,\"offset\":0,\"orderByClause\":\"create_date desc\",\"orders\":[{\"asc\":false,\"column\":\"create_date\"}],\"pages\":1,\"records\":[],\"searchCount\":true,\"size\":20,\"sortdatafield\":\"create_date\",\"sortorder\":\"desc\",\"total\":2},\"en\":{}}', '分页查询用户信息', '0', NULL, '2023-08-02 11:46:32');
INSERT INTO `sys_oper_log` VALUES ('787325e8de171dae67d8364acb9fb303', '/sys-dept', '01', 'com.ht.module.sys.controller.SysDeptController', 'GET', '1', '/back/sys-dept/findTree', '192.168.3.118', '{\"en\":{}}', '获取部门树', '0', NULL, '2023-08-02 10:57:12');
INSERT INTO `sys_oper_log` VALUES ('78f481a2b2528cda2d6dad250ad34ce9', '/sys-user', '01', 'com.ht.module.sys.controller.SysUserController', 'GET', '1', '/back/sys-user/findPage', '192.168.3.118', '{\"pager\":{\"current\":1,\"hitCount\":false,\"limit\":20,\"offset\":0,\"orderByClause\":\"create_date desc\",\"orders\":[{\"asc\":false,\"column\":\"create_date\"}],\"pages\":1,\"records\":[],\"searchCount\":true,\"size\":20,\"sortdatafield\":\"create_date\",\"sortorder\":\"desc\",\"total\":2},\"en\":{}}', '分页查询用户信息', '0', NULL, '2023-08-02 15:16:01');
INSERT INTO `sys_oper_log` VALUES ('7a616c78a1c5a6a6f5afbf6df44c2cf8', '/sys-role', '01', 'com.ht.module.sys.controller.SysRoleController', 'GET', '1', '/back/sys-role/findPage', '192.168.3.118', '{\"pager\":{\"current\":1,\"hitCount\":false,\"limit\":20,\"offset\":0,\"orderByClause\":\"create_date desc\",\"orders\":[{\"asc\":false,\"column\":\"create_date\"}],\"pages\":1,\"records\":[],\"searchCount\":true,\"size\":20,\"sortdatafield\":\"create_date\",\"sortorder\":\"desc\",\"total\":3},\"en\":{\"custom\":[],\"menus\":[]}}', '分页查询角色', '0', NULL, '2023-08-02 15:22:55');
INSERT INTO `sys_oper_log` VALUES ('7a701425e6f76113dfbaca1a5d48192f', '/sys-role', '01', 'com.ht.module.sys.controller.SysRoleController', 'GET', '1', '/back/sys-role/findList', '192.168.3.118', '{\"en\":{\"custom\":[],\"menus\":[]}}', '列表查询角色', '0', NULL, '2023-08-02 10:12:19');
INSERT INTO `sys_oper_log` VALUES ('7aa514d5d4f01fdac58779ff3a44af18', '/sys-user', '01', 'com.ht.module.sys.controller.SysUserController', 'GET', '1', '/back/sys-user/findPage', '192.168.3.118', '{\"pager\":{\"current\":1,\"hitCount\":false,\"limit\":20,\"offset\":0,\"orderByClause\":\"create_date desc\",\"orders\":[{\"asc\":false,\"column\":\"create_date\"}],\"pages\":0,\"records\":[],\"searchCount\":true,\"size\":20,\"sortdatafield\":\"create_date\",\"sortorder\":\"desc\",\"total\":0},\"en\":{}}', '分页查询用户信息', '0', NULL, '2023-08-02 15:19:02');
INSERT INTO `sys_oper_log` VALUES ('7b037728d1001d07bebc61112a61b596', '/sys-user', '01', 'com.ht.module.sys.controller.SysUserController', 'GET', '1', '/back/sys-user/findPage', '192.168.3.118', '{\"pager\":{\"current\":1,\"hitCount\":false,\"limit\":20,\"offset\":0,\"orderByClause\":\"create_date desc\",\"orders\":[{\"asc\":false,\"column\":\"create_date\"}],\"pages\":0,\"records\":[],\"searchCount\":true,\"size\":20,\"sortdatafield\":\"create_date\",\"sortorder\":\"desc\",\"total\":0},\"en\":{}}', '分页查询用户信息', '0', NULL, '2023-08-02 15:11:09');
INSERT INTO `sys_oper_log` VALUES ('7b8f7318ef0fddf0532df6c4c8f742b4', '/sys-user', '01', 'com.ht.module.sys.controller.SysUserController', 'GET', '1', '/back/sys-user/findPage', '192.168.3.118', '{\"pager\":{\"current\":1,\"hitCount\":false,\"limit\":20,\"offset\":0,\"orderByClause\":\"create_date desc\",\"orders\":[{\"asc\":false,\"column\":\"create_date\"}],\"pages\":0,\"records\":[],\"searchCount\":true,\"size\":20,\"sortdatafield\":\"create_date\",\"sortorder\":\"desc\",\"total\":0},\"en\":{}}', '分页查询用户信息', '0', NULL, '2023-05-06 09:39:30');
INSERT INTO `sys_oper_log` VALUES ('7c0093636ba23c184cc1dc9cec588605', '/sys-dept', '01', 'com.ht.module.sys.controller.SysDeptController', 'GET', '1', '/back/sys-dept/findTreeAuth', '192.168.3.118', '{\"en\":{}}', '携带权限查询部门树', '0', NULL, '2023-08-02 15:23:16');
INSERT INTO `sys_oper_log` VALUES ('7c013e1a419ae9143bf1e006997fd608', '/sys-dept', '01', 'com.ht.module.sys.controller.SysDeptController', 'GET', '1', '/back/sys-dept/findTree', '192.168.3.118', '{\"en\":{}}', '获取部门树', '0', NULL, '2023-08-02 11:42:59');
INSERT INTO `sys_oper_log` VALUES ('7cfed9105a5253a1e8c4d8cd2bafa6b4', '/sys-role', '01', 'com.ht.module.sys.controller.SysRoleController', 'GET', '1', '/back/sys-role/findPage', '192.168.3.118', '{\"pager\":{\"current\":1,\"hitCount\":false,\"limit\":20,\"offset\":0,\"orderByClause\":\"create_date desc\",\"orders\":[{\"asc\":false,\"column\":\"create_date\"}],\"pages\":0,\"records\":[],\"searchCount\":true,\"size\":20,\"sortdatafield\":\"create_date\",\"sortorder\":\"desc\",\"total\":0},\"en\":{\"custom\":[],\"menus\":[]}}', '分页查询角色', '0', NULL, '2023-08-02 15:15:04');
INSERT INTO `sys_oper_log` VALUES ('7e058cb7ae4838981d5356d8a493ae47', '/sys-dept', '01', 'com.ht.module.sys.controller.SysDeptController', 'GET', '1', '/back/sys-dept/findTreeAuth', '192.168.3.118', '{\"en\":{}}', '携带权限查询部门树', '0', NULL, '2023-08-02 11:01:22');
INSERT INTO `sys_oper_log` VALUES ('7e2f394f092f66dafa24e18126639703', '/sys-dept', '01', 'com.ht.module.sys.controller.SysDeptController', 'GET', '1', '/back/sys-dept/findTreeAuth', '192.168.3.118', '{\"en\":{}}', '携带权限查询部门树', '0', NULL, '2023-08-02 11:29:47');
INSERT INTO `sys_oper_log` VALUES ('7e6739cb0f8ba6bdd0e83fa2f4224da7', '/base-scheduled-task', '01', 'com.ht.module.base.controller.BaseScheduledTaskController', 'GET', '1', '/back/base-scheduled-task/findPage', '192.168.3.118', '{\"pager\":{\"current\":1,\"hitCount\":false,\"limit\":20,\"offset\":0,\"orderByClause\":\"create_date desc\",\"orders\":[{\"asc\":false,\"column\":\"create_date\"}],\"pages\":0,\"records\":[],\"searchCount\":true,\"size\":20,\"sortdatafield\":\"create_date\",\"sortorder\":\"desc\",\"total\":0},\"en\":{}}', '分页查询定时任务', '0', NULL, '2023-08-02 10:03:57');
INSERT INTO `sys_oper_log` VALUES ('7faca8ae2158aa1879e3ac484a56d32e', '/sys-role', '01', 'com.ht.module.sys.controller.SysRoleController', 'GET', '1', '/back/sys-role/findList', '192.168.3.118', '{\"en\":{\"custom\":[],\"menus\":[]}}', '列表查询角色', '0', NULL, '2023-08-02 15:29:42');
INSERT INTO `sys_oper_log` VALUES ('80cebe28201bd46a07ad4a75831f20c5', '/sys-dept', '01', 'com.ht.module.sys.controller.SysDeptController', 'GET', '1', '/back/sys-dept/findTree', '192.168.3.118', '{\"en\":{}}', '获取部门树', '0', NULL, '2023-08-02 11:28:44');
INSERT INTO `sys_oper_log` VALUES ('83837fac5be43eaa850330b0c18bd7f4', '/sys-role', '01', 'com.ht.module.sys.controller.SysRoleController', 'GET', '1', '/back/sys-role/findList', '192.168.3.118', '{\"en\":{\"custom\":[],\"menus\":[]}}', '列表查询角色', '0', NULL, '2023-08-02 15:10:37');
INSERT INTO `sys_oper_log` VALUES ('83ae7a242223b991f1cd006620002946', '/sys-menu', '01', 'com.ht.module.sys.controller.SysMenuController', 'GET', '1', '/back/sys-menu/findMenuTree', '192.168.3.118', '{}', '查询出菜单树', '0', NULL, '2023-08-02 11:27:06');
INSERT INTO `sys_oper_log` VALUES ('841595bcbb000cae43dfa5bce31a5b62', '/sys-user', '01', 'com.ht.module.sys.controller.SysUserController', 'GET', 'af2ed49dcffaa2b45225b5b752798422', '/back/sys-user/findPage', '192.168.3.118', '{\"pager\":{\"current\":1,\"hitCount\":false,\"limit\":20,\"offset\":0,\"orderByClause\":\"create_date desc\",\"orders\":[{\"asc\":false,\"column\":\"create_date\"}],\"pages\":1,\"records\":[],\"searchCount\":true,\"size\":20,\"sortdatafield\":\"create_date\",\"sortorder\":\"desc\",\"total\":2},\"en\":{}}', '分页查询用户信息', '0', NULL, '2023-08-02 15:14:04');
INSERT INTO `sys_oper_log` VALUES ('845cddf9deb2c413bdfcf83e4fd64f56', '/sys-dept', '01', 'com.ht.module.sys.controller.SysDeptController', 'GET', '1', '/back/sys-dept/findTreeAuth', '192.168.3.118', '{\"en\":{}}', '携带权限查询部门树', '0', NULL, '2023-05-06 09:39:29');
INSERT INTO `sys_oper_log` VALUES ('84b19dec2fa72ffff5996fe1dc1a8af5', '/sys-dict', '01', 'com.ht.module.sys.controller.SysDictController', 'GET', '1', '/back/sys-dict/findPage', '192.168.3.118', '{\"pager\":{\"current\":1,\"hitCount\":false,\"limit\":20,\"offset\":0,\"orderByClause\":\"create_date desc\",\"orders\":[{\"asc\":false,\"column\":\"create_date\"}],\"pages\":0,\"records\":[],\"searchCount\":true,\"size\":20,\"sortdatafield\":\"create_date\",\"sortorder\":\"desc\",\"total\":0},\"sysDict\":{}}', '分页查询字典', '0', NULL, '2023-08-02 15:26:25');
INSERT INTO `sys_oper_log` VALUES ('8533abbde4cac599607c5fbb0f530702', '/sys-dept', '01', 'com.ht.module.sys.controller.SysDeptController', 'GET', '1', '/back/sys-dept/findTreeAuth', '192.168.3.118', '{\"en\":{}}', '携带权限查询部门树', '0', NULL, '2023-08-02 15:32:11');
INSERT INTO `sys_oper_log` VALUES ('858fc94081478a2b3e6d923dff91e045', '/sys-dept', '01', 'com.ht.module.sys.controller.SysDeptController', 'GET', '1', '/back/sys-dept/findTree', '192.168.3.118', '{\"en\":{}}', '获取部门树', '0', NULL, '2023-08-02 15:12:03');
INSERT INTO `sys_oper_log` VALUES ('85b30185c3cafa48892e0d2716fe7644', '/sys-dept', '01', 'com.ht.module.sys.controller.SysDeptController', 'GET', '1', '/back/sys-dept/findTreeAuth', '192.168.3.118', '{\"en\":{}}', '携带权限查询部门树', '0', NULL, '2023-08-02 15:19:33');
INSERT INTO `sys_oper_log` VALUES ('86ad0f0f3597eb5623f14f76bcc96a23', '/sys-user', '01', 'com.ht.module.sys.controller.SysUserController', 'GET', '1', '/back/sys-user/findPage', '192.168.3.118', '{\"pager\":{\"current\":1,\"hitCount\":false,\"limit\":20,\"offset\":0,\"orderByClause\":\"create_date desc\",\"orders\":[{\"asc\":false,\"column\":\"create_date\"}],\"pages\":0,\"records\":[],\"searchCount\":true,\"size\":20,\"sortdatafield\":\"create_date\",\"sortorder\":\"desc\",\"total\":0},\"en\":{}}', '分页查询用户信息', '0', NULL, '2023-08-02 15:10:37');
INSERT INTO `sys_oper_log` VALUES ('86fa058ea1721c7b1aa72ecbbba5a8ae', '/sys-user', '01', 'com.ht.module.sys.controller.SysUserController', 'GET', '1', '/back/sys-user/findPage', '192.168.3.118', '{\"pager\":{\"current\":1,\"hitCount\":false,\"limit\":20,\"offset\":0,\"orderByClause\":\"create_date desc\",\"orders\":[{\"asc\":false,\"column\":\"create_date\"}],\"pages\":0,\"records\":[],\"searchCount\":true,\"size\":20,\"sortdatafield\":\"create_date\",\"sortorder\":\"desc\",\"total\":0},\"en\":{}}', '分页查询用户信息', '0', NULL, '2023-08-02 11:29:23');
INSERT INTO `sys_oper_log` VALUES ('87a1d3b0fa865ebc842371293794fb21', '/sys-menu', '01', 'com.ht.module.sys.controller.SysMenuController', 'GET', '1', '/back/sys-menu/findMenuTree', '192.168.3.118', '{}', '查询出菜单树', '0', NULL, '2023-08-02 15:11:10');
INSERT INTO `sys_oper_log` VALUES ('87d431bef8ef73e285d1163d9f726f56', '/sys-role', '01', 'com.ht.module.sys.controller.SysRoleController', 'GET', '1', '/back/sys-role/findList', '192.168.3.118', '{\"en\":{\"custom\":[],\"menus\":[]}}', '列表查询角色', '0', NULL, '2023-08-02 15:19:33');
INSERT INTO `sys_oper_log` VALUES ('8d3b84c1d96b248c484acd766754e61d', '/sys-role', '01', 'com.ht.module.sys.controller.SysRoleController', 'GET', '1', '/back/sys-role/findPage', '192.168.3.118', '{\"pager\":{\"current\":1,\"hitCount\":false,\"limit\":20,\"offset\":0,\"orderByClause\":\"create_date desc\",\"orders\":[{\"asc\":false,\"column\":\"create_date\"}],\"pages\":0,\"records\":[],\"searchCount\":true,\"size\":20,\"sortdatafield\":\"create_date\",\"sortorder\":\"desc\",\"total\":0},\"en\":{\"custom\":[],\"menus\":[]}}', '分页查询角色', '0', NULL, '2023-08-02 10:58:57');
INSERT INTO `sys_oper_log` VALUES ('8d7afeef666eebfdf5dd41c62f9bcaa1', '/sys-dept', '01', 'com.ht.module.sys.controller.SysDeptController', 'GET', '1', '/back/sys-dept/findTreeAuth', '192.168.3.118', '{\"en\":{}}', '携带权限查询部门树', '0', NULL, '2023-08-02 10:04:25');
INSERT INTO `sys_oper_log` VALUES ('8d7ef67cc47a5ca3bb421de97b24258e', '/sys-user', '03', 'com.ht.module.sys.controller.SysUserController', 'POST', '1', '/back/sys-user/setRoles', '192.168.3.118', '{\"sysUser\":{\"id\":\"af2ed49dcffaa2b45225b5b752798422\",\"roles\":[\"1\"]}}', '设置用户角色', '0', NULL, '2023-08-02 15:15:08');
INSERT INTO `sys_oper_log` VALUES ('8dadcc72e130c92718c71df152006cd7', '/sys-dept', '01', 'com.ht.module.sys.controller.SysDeptController', 'GET', '1', '/back/sys-dept/findTreeAuth', '192.168.3.118', '{\"en\":{}}', '携带权限查询部门树', '0', NULL, '2023-08-02 11:29:21');
INSERT INTO `sys_oper_log` VALUES ('8e5fdbff84c3e38dee64cef4b2d1de18', '/sys-role', '03', 'com.ht.module.sys.controller.SysRoleController', 'PUT', '1', '/back/sys-role/update', '192.168.3.118', '{\"sysRole\":{\"code\":\"USER\",\"custom\":[],\"dataAuthority\":\"05\",\"id\":\"b243975d18bf1728bd39ad22e22dbea2\",\"menus\":[],\"name\":\"用户\"}}', '修改角色', '0', NULL, '2023-08-02 15:22:23');
INSERT INTO `sys_oper_log` VALUES ('8e89ca06c1b31dfa5f6b464d319fca34', '/sys-role', '01', 'com.ht.module.sys.controller.SysRoleController', 'GET', '1', '/back/sys-role/findList', '192.168.3.118', '{\"en\":{\"custom\":[],\"menus\":[]}}', '列表查询角色', '0', NULL, '2023-08-02 10:20:22');
INSERT INTO `sys_oper_log` VALUES ('8f046c9a9b772c1643cf3a82600345ba', '/sys-menu', '01', 'com.ht.module.sys.controller.SysMenuController', 'GET', '1', '/back/sys-menu/findMenuTree', '192.168.3.118', '{}', '查询出菜单树', '0', NULL, '2023-08-02 11:29:24');
INSERT INTO `sys_oper_log` VALUES ('9005954b276416700f0ea9fa01d2e48b', '/sys-user', '03', 'com.ht.module.sys.controller.SysUserController', 'PUT', '1', '/back/sys-user/update', '192.168.3.118', '{\"sysUser\":{\"deptId\":\"97fdeee7aba1660030e886f527c2f326\",\"id\":\"af2ed49dcffaa2b45225b5b752798422\",\"name\":\"张三\",\"state\":\"01\",\"username\":\"zhangsan\"}}', '修改用户', '0', NULL, '2023-08-02 15:17:15');
INSERT INTO `sys_oper_log` VALUES ('9029cd82302c176fe3b78a9fa3fddd15', '/sys-user', '01', 'com.ht.module.sys.controller.SysUserController', 'GET', '1', '/back/sys-user/findPage', '192.168.3.118', '{\"pager\":{\"current\":1,\"hitCount\":false,\"limit\":20,\"offset\":0,\"orderByClause\":\"create_date desc\",\"orders\":[{\"asc\":false,\"column\":\"create_date\"}],\"pages\":0,\"records\":[],\"searchCount\":true,\"size\":20,\"sortdatafield\":\"create_date\",\"sortorder\":\"desc\",\"total\":0},\"en\":{}}', '分页查询用户信息', '0', NULL, '2023-08-02 10:58:20');
INSERT INTO `sys_oper_log` VALUES ('926ea9c970f225d27e5e5d4a78d8a030', '/sys-role', '01', 'com.ht.module.sys.controller.SysRoleController', 'GET', '1', '/back/sys-role/findList', '192.168.3.118', '{\"en\":{\"custom\":[],\"menus\":[]}}', '列表查询角色', '0', NULL, '2023-08-02 11:46:30');
INSERT INTO `sys_oper_log` VALUES ('927c877196ed978aab6fef2733f744df', '/sys-role', '01', 'com.ht.module.sys.controller.SysRoleController', 'GET', '1', '/back/sys-role/findPage', '192.168.3.118', '{\"pager\":{\"current\":1,\"hitCount\":false,\"limit\":20,\"offset\":0,\"orderByClause\":\"create_date desc\",\"orders\":[{\"asc\":false,\"column\":\"create_date\"}],\"pages\":0,\"records\":[],\"searchCount\":true,\"size\":20,\"sortdatafield\":\"create_date\",\"sortorder\":\"desc\",\"total\":0},\"en\":{\"custom\":[],\"menus\":[]}}', '分页查询角色', '0', NULL, '2023-08-02 11:47:58');
INSERT INTO `sys_oper_log` VALUES ('93bdeb1278d256340e7030baa761185f', '/sys-role', '01', 'com.ht.module.sys.controller.SysRoleController', 'GET', '1', '/back/sys-role/findList', '192.168.3.118', '{\"en\":{\"custom\":[],\"menus\":[]}}', '列表查询角色', '0', NULL, '2023-08-02 15:15:50');
INSERT INTO `sys_oper_log` VALUES ('93ef65a077d10287c8b95294a81d0ceb', '/sys-user', '01', 'com.ht.module.sys.controller.SysUserController', 'GET', '1', '/back/sys-user/findPage', '192.168.3.118', '{\"pager\":{\"current\":1,\"hitCount\":false,\"limit\":20,\"offset\":0,\"orderByClause\":\"create_date desc\",\"orders\":[{\"asc\":false,\"column\":\"create_date\"}],\"pages\":0,\"records\":[],\"searchCount\":true,\"size\":20,\"sortdatafield\":\"create_date\",\"sortorder\":\"desc\",\"total\":0},\"en\":{}}', '分页查询用户信息', '0', NULL, '2023-08-02 15:13:46');
INSERT INTO `sys_oper_log` VALUES ('9452a94c4d36bfd2cc8fea863f1cede6', '/sys-user', '01', 'com.ht.module.sys.controller.SysUserController', 'GET', '1', '/back/sys-user/findPage', '192.168.3.118', '{\"pager\":{\"current\":1,\"hitCount\":false,\"limit\":20,\"offset\":0,\"orderByClause\":\"create_date desc\",\"orders\":[{\"asc\":false,\"column\":\"create_date\"}],\"pages\":0,\"records\":[],\"searchCount\":true,\"size\":20,\"sortdatafield\":\"create_date\",\"sortorder\":\"desc\",\"total\":0},\"en\":{}}', '分页查询用户信息', '0', NULL, '2023-08-02 15:15:04');
INSERT INTO `sys_oper_log` VALUES ('94b18851cb4670dc90dc30955a15fb3b', '/sys-role', '01', 'com.ht.module.sys.controller.SysRoleController', 'GET', '1', '/back/sys-role/findList', '192.168.3.118', '{\"en\":{\"custom\":[],\"menus\":[]}}', '列表查询角色', '0', NULL, '2023-08-02 15:11:09');
INSERT INTO `sys_oper_log` VALUES ('94dfafb73fde2fe3974496447bee168c', '/sys-role', '01', 'com.ht.module.sys.controller.SysRoleController', 'GET', '1', '/back/sys-role/findList', '192.168.3.118', '{\"en\":{\"custom\":[],\"menus\":[]}}', '列表查询角色', '0', NULL, '2023-08-02 10:20:22');
INSERT INTO `sys_oper_log` VALUES ('9537bbed21758f872da53b58b9ab0b90', '/sys-role', '01', 'com.ht.module.sys.controller.SysRoleController', 'GET', '1', '/back/sys-role/findPage', '192.168.3.118', '{\"pager\":{\"current\":1,\"hitCount\":false,\"limit\":20,\"offset\":0,\"orderByClause\":\"create_date desc\",\"orders\":[{\"asc\":false,\"column\":\"create_date\"}],\"pages\":0,\"records\":[],\"searchCount\":true,\"size\":20,\"sortdatafield\":\"create_date\",\"sortorder\":\"desc\",\"total\":0},\"en\":{\"custom\":[],\"menus\":[]}}', '分页查询角色', '0', NULL, '2023-08-02 11:29:48');
INSERT INTO `sys_oper_log` VALUES ('9552b4a3e8c4515a30fcaabf1a165d48', '/sys-role', '01', 'com.ht.module.sys.controller.SysRoleController', 'GET', '1', '/back/sys-role/findPage', '192.168.3.118', '{\"pager\":{\"current\":1,\"hitCount\":false,\"limit\":20,\"offset\":0,\"orderByClause\":\"create_date desc\",\"orders\":[{\"asc\":false,\"column\":\"create_date\"}],\"pages\":0,\"records\":[],\"searchCount\":true,\"size\":20,\"sortdatafield\":\"create_date\",\"sortorder\":\"desc\",\"total\":0},\"en\":{\"custom\":[],\"menus\":[]}}', '分页查询角色', '0', NULL, '2023-08-02 10:04:25');
INSERT INTO `sys_oper_log` VALUES ('9555317c1c0821da722211e38db9e862', '/sys-role', '01', 'com.ht.module.sys.controller.SysRoleController', 'GET', '1', '/back/sys-role/findList', '192.168.3.118', '{\"en\":{\"custom\":[],\"menus\":[]}}', '列表查询角色', '0', NULL, '2023-08-02 15:37:01');
INSERT INTO `sys_oper_log` VALUES ('964534a458d0becf1afe433bc8690be0', '/sys-role', '01', 'com.ht.module.sys.controller.SysRoleController', 'GET', '1', '/back/sys-role/findPage', '192.168.3.118', '{\"pager\":{\"current\":1,\"hitCount\":false,\"limit\":20,\"offset\":0,\"orderByClause\":\"create_date desc\",\"orders\":[{\"asc\":false,\"column\":\"create_date\"}],\"pages\":0,\"records\":[],\"searchCount\":true,\"size\":20,\"sortdatafield\":\"create_date\",\"sortorder\":\"desc\",\"total\":0},\"en\":{\"custom\":[],\"menus\":[]}}', '分页查询角色', '0', NULL, '2023-08-02 10:20:23');
INSERT INTO `sys_oper_log` VALUES ('964d108ab51323a1d349b91197f94799', '/sys-dept', '01', 'com.ht.module.sys.controller.SysDeptController', 'GET', '1', '/back/sys-dept/findTreeAuth', '192.168.3.118', '{\"en\":{}}', '携带权限查询部门树', '0', NULL, '2023-08-02 15:28:53');
INSERT INTO `sys_oper_log` VALUES ('97626e48caa0290a7a5a4eac7e8667af', '/sys-user', '03', 'com.ht.module.sys.controller.SysUserController', 'POST', 'af2ed49dcffaa2b45225b5b752798422', '/back/sys-user/setRoles', '192.168.3.118', '{\"sysUser\":{\"id\":\"af2ed49dcffaa2b45225b5b752798422\",\"roles\":[\"b243975d18bf1728bd39ad22e22dbea2\"]}}', '设置用户角色', '0', NULL, '2023-08-02 15:14:02');
INSERT INTO `sys_oper_log` VALUES ('98f7bc3dea5899ae6a8e319916359d92', '/sys-dept', '01', 'com.ht.module.sys.controller.SysDeptController', 'GET', '1', '/back/sys-dept/findTreeAuth', '192.168.3.118', '{\"en\":{}}', '携带权限查询部门树', '0', NULL, '2023-08-02 10:04:25');
INSERT INTO `sys_oper_log` VALUES ('995c035322038341e5e9dcd78fc6b764', '/sys-dict', '01', 'com.ht.module.sys.controller.SysDictController', 'GET', '1', '/back/sys-dict/findPage', '192.168.3.118', '{\"pager\":{\"current\":1,\"hitCount\":false,\"limit\":20,\"offset\":0,\"orderByClause\":\"create_date desc\",\"orders\":[{\"asc\":false,\"column\":\"create_date\"}],\"pages\":0,\"records\":[],\"searchCount\":true,\"size\":20,\"sortdatafield\":\"create_date\",\"sortorder\":\"desc\",\"total\":0},\"sysDict\":{}}', '分页查询字典', '0', NULL, '2023-08-02 15:28:15');
INSERT INTO `sys_oper_log` VALUES ('996b2c92483418f519800c8ff09df3fc', '/sys-user', '01', 'com.ht.module.sys.controller.SysUserController', 'GET', '1', '/back/sys-user/findPage', '192.168.3.118', '{\"pager\":{\"current\":1,\"hitCount\":false,\"limit\":20,\"offset\":0,\"orderByClause\":\"create_date desc\",\"orders\":[{\"asc\":false,\"column\":\"create_date\"}],\"pages\":1,\"records\":[],\"searchCount\":true,\"size\":20,\"sortdatafield\":\"create_date\",\"sortorder\":\"desc\",\"total\":2},\"en\":{}}', '分页查询用户信息', '0', NULL, '2023-08-02 15:15:58');
INSERT INTO `sys_oper_log` VALUES ('99c76befe23fa681788310f2ba9b6a25', '/sys-role', '01', 'com.ht.module.sys.controller.SysRoleController', 'GET', '1', '/back/sys-role/findList', '192.168.3.118', '{\"en\":{\"custom\":[],\"menus\":[]}}', '列表查询角色', '0', NULL, '2023-08-02 10:57:12');
INSERT INTO `sys_oper_log` VALUES ('9d34b7dde3a81b155fdec81f6b605e09', '/sys-dept', '01', 'com.ht.module.sys.controller.SysDeptController', 'GET', '1', '/back/sys-dept/findTreeAuth', '192.168.3.118', '{\"en\":{}}', '携带权限查询部门树', '0', NULL, '2023-08-02 10:04:10');
INSERT INTO `sys_oper_log` VALUES ('9e2022aaa8664b768051e08c5fc39b9f', '/sys-user', '01', 'com.ht.module.sys.controller.SysUserController', 'GET', '1', '/back/sys-user/findPage', '192.168.3.118', '{\"pager\":{\"current\":1,\"hitCount\":false,\"limit\":20,\"offset\":0,\"orderByClause\":\"create_date desc\",\"orders\":[{\"asc\":false,\"column\":\"create_date\"}],\"pages\":1,\"records\":[],\"searchCount\":true,\"size\":20,\"sortdatafield\":\"create_date\",\"sortorder\":\"desc\",\"total\":3},\"en\":{}}', '分页查询用户信息', '0', NULL, '2023-08-02 15:22:18');
INSERT INTO `sys_oper_log` VALUES ('9e328a071049f58739a5c313edf71750', '/sys-dept', '01', 'com.ht.module.sys.controller.SysDeptController', 'GET', '1', '/back/sys-dept/findTreeAuth', '192.168.3.118', '{\"en\":{}}', '携带权限查询部门树', '0', NULL, '2023-08-02 11:27:03');
INSERT INTO `sys_oper_log` VALUES ('9f8b5f4636ede636952515567e8205a9', '/sys-role', '01', 'com.ht.module.sys.controller.SysRoleController', 'GET', 'af2ed49dcffaa2b45225b5b752798422', '/back/sys-role/findList', '192.168.3.118', '{\"en\":{\"custom\":[],\"menus\":[]}}', '列表查询角色', '0', NULL, '2023-08-02 15:13:55');
INSERT INTO `sys_oper_log` VALUES ('9f9152dd8f6e8669a6e6202dc0ef6830', '/sys-dept', '01', 'com.ht.module.sys.controller.SysDeptController', 'GET', '1', '/back/sys-dept/findTreeAuth', '192.168.3.118', '{\"en\":{}}', '携带权限查询部门树', '0', NULL, '2023-05-06 09:39:29');
INSERT INTO `sys_oper_log` VALUES ('a070195542871202292cad6ae1f141f5', '/sys-dept', '01', 'com.ht.module.sys.controller.SysDeptController', 'GET', '1', '/back/sys-dept/findTree', '192.168.3.118', '{\"en\":{}}', '获取部门树', '0', NULL, '2023-08-02 11:33:05');
INSERT INTO `sys_oper_log` VALUES ('a1cc908469bb502a8e5a0380a5628621', '/sys-dept', '01', 'com.ht.module.sys.controller.SysDeptController', 'GET', '1', '/back/sys-dept/findTree', '192.168.3.118', '{\"en\":{}}', '获取部门树', '0', NULL, '2023-08-02 15:28:55');
INSERT INTO `sys_oper_log` VALUES ('a22086e36dbdc9e48a6476de0ea7b53a', '/sys-dept', '01', 'com.ht.module.sys.controller.SysDeptController', 'GET', '1', '/back/sys-dept/findTreeAuth', '192.168.3.118', '{\"en\":{}}', '携带权限查询部门树', '0', NULL, '2023-08-02 15:17:11');
INSERT INTO `sys_oper_log` VALUES ('a2456ea95da1641e5568c07deb8988d0', '/sys-dept', '01', 'com.ht.module.sys.controller.SysDeptController', 'GET', '1', '/back/sys-dept/findTreeAuth', '192.168.3.118', '{\"en\":{}}', '携带权限查询部门树', '0', NULL, '2023-08-02 11:29:47');
INSERT INTO `sys_oper_log` VALUES ('a25a75725a2dcb144a070af1fa808c78', '/sys-role', '01', 'com.ht.module.sys.controller.SysRoleController', 'GET', '1', '/back/sys-role/findList', '192.168.3.118', '{\"en\":{\"custom\":[],\"menus\":[]}}', '列表查询角色', '0', NULL, '2023-08-02 11:27:06');
INSERT INTO `sys_oper_log` VALUES ('a2e3129face9a024a3e3a32952e18f1c', '/sys-dept', '01', 'com.ht.module.sys.controller.SysDeptController', 'GET', '1', '/back/sys-dept/findTreeAuth', '192.168.3.118', '{\"en\":{}}', '携带权限查询部门树', '0', NULL, '2023-08-02 11:46:25');
INSERT INTO `sys_oper_log` VALUES ('a3b2120ce7983cb09d70fcdcedfb22d1', '/sys-role', '01', 'com.ht.module.sys.controller.SysRoleController', 'GET', '1', '/back/sys-role/findPage', '192.168.3.118', '{\"pager\":{\"current\":1,\"hitCount\":false,\"limit\":20,\"offset\":0,\"orderByClause\":\"create_date desc\",\"orders\":[{\"asc\":false,\"column\":\"create_date\"}],\"pages\":0,\"records\":[],\"searchCount\":true,\"size\":20,\"sortdatafield\":\"create_date\",\"sortorder\":\"desc\",\"total\":0},\"en\":{\"custom\":[],\"menus\":[]}}', '分页查询角色', '0', NULL, '2023-08-02 15:27:34');
INSERT INTO `sys_oper_log` VALUES ('a3c62b0ee786a88188f55d38f427733e', '/sys-dept', '01', 'com.ht.module.sys.controller.SysDeptController', 'GET', '1', '/back/sys-dept/findTreeAuth', '192.168.3.118', '{\"en\":{}}', '携带权限查询部门树', '0', NULL, '2023-08-02 15:18:09');
INSERT INTO `sys_oper_log` VALUES ('a4648947339629ef4870a3ed33795931', '/sys-dept', '01', 'com.ht.module.sys.controller.SysDeptController', 'GET', '1', '/back/sys-dept/findTree', '192.168.3.118', '{\"en\":{}}', '获取部门树', '0', NULL, '2023-08-02 15:12:09');
INSERT INTO `sys_oper_log` VALUES ('a56421784885fe8ca165c5d76c75d539', '/sys-role', '01', 'com.ht.module.sys.controller.SysRoleController', 'GET', '1', '/back/sys-role/findList', '192.168.3.118', '{\"en\":{\"custom\":[],\"menus\":[]}}', '列表查询角色', '0', NULL, '2023-08-02 15:15:04');
INSERT INTO `sys_oper_log` VALUES ('a62b9facd4c1482b10a24dd0dca9771f', '/sys-menu', '01', 'com.ht.module.sys.controller.SysMenuController', 'GET', '1', '/back/sys-menu/findMenuTree', '192.168.3.118', '{}', '查询出菜单树', '0', NULL, '2023-08-02 15:28:56');
INSERT INTO `sys_oper_log` VALUES ('a6d07d3e1ce2259d5541540ad43b560c', '/sys-user', '01', 'com.ht.module.sys.controller.SysUserController', 'GET', '1', '/back/sys-user/findPage', '192.168.3.118', '{\"pager\":{\"current\":1,\"hitCount\":false,\"limit\":20,\"offset\":0,\"orderByClause\":\"create_date desc\",\"orders\":[{\"asc\":false,\"column\":\"create_date\"}],\"pages\":0,\"records\":[],\"searchCount\":true,\"size\":20,\"sortdatafield\":\"create_date\",\"sortorder\":\"desc\",\"total\":0},\"en\":{}}', '分页查询用户信息', '0', NULL, '2023-08-02 11:28:44');
INSERT INTO `sys_oper_log` VALUES ('a80cb917ebbfb33c0af52adf3b68036a', '/sys-menu', '01', 'com.ht.module.sys.controller.SysMenuController', 'GET', '1', '/back/sys-menu/findMenuTree', '192.168.3.118', '{}', '查询出菜单树', '0', NULL, '2023-08-02 15:12:09');
INSERT INTO `sys_oper_log` VALUES ('a8ddaa8b59f2f74894588e802c25af9a', '/sys-role', '01', 'com.ht.module.sys.controller.SysRoleController', 'GET', '1', '/back/sys-role/findList', '192.168.3.118', '{\"en\":{\"custom\":[],\"menus\":[]}}', '列表查询角色', '0', NULL, '2023-08-02 15:21:46');
INSERT INTO `sys_oper_log` VALUES ('a9149d6db9276572b726ca96e5f5fbb0', '/sys-menu', '01', 'com.ht.module.sys.controller.SysMenuController', 'GET', '1', '/back/sys-menu/findMenuTree', '192.168.3.118', '{}', '查询出菜单树', '0', NULL, '2023-08-02 15:22:52');
INSERT INTO `sys_oper_log` VALUES ('aa2e67e6254e3a534144e2227e2f1d86', '/sys-role', '01', 'com.ht.module.sys.controller.SysRoleController', 'GET', '1', '/back/sys-role/findList', '192.168.3.118', '{\"en\":{\"custom\":[],\"menus\":[]}}', '列表查询角色', '0', NULL, '2023-08-02 10:58:22');
INSERT INTO `sys_oper_log` VALUES ('aa7b2828dab80e46d0764fc6e4d26eda', '/sys-dept', '01', 'com.ht.module.sys.controller.SysDeptController', 'GET', '1', '/back/sys-dept/findTree', '192.168.3.118', '{\"en\":{}}', '获取部门树', '0', NULL, '2023-08-02 11:28:24');
INSERT INTO `sys_oper_log` VALUES ('aaa680ebce3653a047baaecb77ede2cc', '/sys-dept', '01', 'com.ht.module.sys.controller.SysDeptController', 'GET', '1', '/back/sys-dept/findTreeAuth', '192.168.3.118', '{\"en\":{}}', '携带权限查询部门树', '0', NULL, '2023-08-02 15:30:01');
INSERT INTO `sys_oper_log` VALUES ('aac1538a9052607377feac5579476de9', '/sys-role', '01', 'com.ht.module.sys.controller.SysRoleController', 'GET', '1', '/back/sys-role/findList', '192.168.3.118', '{\"en\":{\"custom\":[],\"menus\":[]}}', '列表查询角色', '0', NULL, '2023-08-02 15:19:02');
INSERT INTO `sys_oper_log` VALUES ('ab1ea5b27f113090aff9e697fc8fbb79', '/sys-dept', '01', 'com.ht.module.sys.controller.SysDeptController', 'GET', '1', '/back/sys-dept/findTreeAuth', '192.168.3.118', '{\"en\":{}}', '携带权限查询部门树', '0', NULL, '2023-08-02 11:01:05');
INSERT INTO `sys_oper_log` VALUES ('ab9b5b3fd3b3020602fefe34fde35f94', '/sys-user', '01', 'com.ht.module.sys.controller.SysUserController', 'GET', '1', '/back/sys-user/findPage', '192.168.3.118', '{\"pager\":{\"current\":1,\"hitCount\":false,\"limit\":20,\"offset\":0,\"orderByClause\":\"create_date desc\",\"orders\":[{\"asc\":false,\"column\":\"create_date\"}],\"pages\":0,\"records\":[],\"searchCount\":true,\"size\":20,\"sortdatafield\":\"create_date\",\"sortorder\":\"desc\",\"total\":0},\"en\":{}}', '分页查询用户信息', '0', NULL, '2023-08-02 15:12:03');
INSERT INTO `sys_oper_log` VALUES ('ad09fee1eecf292607327e56c44e6492', '/sys-role', '01', 'com.ht.module.sys.controller.SysRoleController', 'GET', '1', '/back/sys-role/findList', '192.168.3.118', '{\"en\":{\"custom\":[],\"menus\":[]}}', '列表查询角色', '0', NULL, '2023-08-02 10:58:20');
INSERT INTO `sys_oper_log` VALUES ('ad7999cfda0ae1d4047d69951acb8f80', '/sys-dept', '01', 'com.ht.module.sys.controller.SysDeptController', 'GET', '1', '/back/sys-dept/findTreeAuth', '192.168.3.118', '{\"en\":{}}', '携带权限查询部门树', '0', NULL, '2023-08-02 15:30:01');
INSERT INTO `sys_oper_log` VALUES ('ad88b5443c94df15d38667cca120c38d', '/sys-dept', '01', 'com.ht.module.sys.controller.SysDeptController', 'GET', '1', '/back/sys-dept/findTreeAuth', '192.168.3.118', '{\"en\":{}}', '携带权限查询部门树', '0', NULL, '2023-08-02 15:30:02');
INSERT INTO `sys_oper_log` VALUES ('addbd188e34c95e537553f3af08a8990', '/sys-dept', '03', 'com.ht.module.sys.controller.SysDeptController', 'PUT', '1', '/back/sys-dept/update', '192.168.3.118', '{\"en\":{\"deptCode\":\"DZC\",\"deptId\":\"42e6ff404e861f296c06c4323664ef95\",\"deptName\":\"达州子公司\",\"parentId\":\"97fdeee7aba1660030e886f527c2f326\",\"sort\":3}}', '修改部门', '0', NULL, '2023-08-02 15:17:00');
INSERT INTO `sys_oper_log` VALUES ('ae5e0c95b9ff98c4ed52f69f1006ead8', '/sys-role', '01', 'com.ht.module.sys.controller.SysRoleController', 'GET', '1', '/back/sys-role/findPage', '192.168.3.118', '{\"pager\":{\"current\":1,\"hitCount\":false,\"limit\":20,\"offset\":0,\"orderByClause\":\"create_date desc\",\"orders\":[{\"asc\":false,\"column\":\"create_date\"}],\"pages\":0,\"records\":[],\"searchCount\":true,\"size\":20,\"sortdatafield\":\"create_date\",\"sortorder\":\"desc\",\"total\":0},\"en\":{\"custom\":[],\"menus\":[]}}', '分页查询角色', '0', NULL, '2023-08-02 15:32:14');
INSERT INTO `sys_oper_log` VALUES ('aef1f4e7813a9faa2476ee374264189c', '/sys-dept', '01', 'com.ht.module.sys.controller.SysDeptController', 'GET', '1', '/back/sys-dept/findTreeAuth', '192.168.3.118', '{\"en\":{}}', '携带权限查询部门树', '0', NULL, '2023-08-02 15:12:08');
INSERT INTO `sys_oper_log` VALUES ('b0ebec74dd039e24284ca2c5d49119f3', '/sys-user', '01', 'com.ht.module.sys.controller.SysUserController', 'GET', '1', '/back/sys-user/findPage', '192.168.3.118', '{\"pager\":{\"current\":1,\"hitCount\":false,\"limit\":20,\"offset\":0,\"orderByClause\":\"create_date desc\",\"orders\":[{\"asc\":false,\"column\":\"create_date\"}],\"pages\":1,\"records\":[],\"searchCount\":true,\"size\":20,\"sortdatafield\":\"create_date\",\"sortorder\":\"desc\",\"total\":2},\"en\":{}}', '分页查询用户信息', '0', NULL, '2023-08-02 15:15:58');
INSERT INTO `sys_oper_log` VALUES ('b20a4c22cb4fa565991811e3f5c1f24c', '/sys-user', '01', 'com.ht.module.sys.controller.SysUserController', 'GET', '1', '/back/sys-user/findPage', '192.168.3.118', '{\"pager\":{\"current\":1,\"hitCount\":false,\"limit\":20,\"offset\":0,\"orderByClause\":\"create_date desc\",\"orders\":[{\"asc\":false,\"column\":\"create_date\"}],\"pages\":0,\"records\":[],\"searchCount\":true,\"size\":20,\"sortdatafield\":\"create_date\",\"sortorder\":\"desc\",\"total\":0},\"en\":{}}', '分页查询用户信息', '0', NULL, '2023-08-02 11:33:05');
INSERT INTO `sys_oper_log` VALUES ('b24d02af25d5546f55bb91f2e3243fa4', '/sys-dept', '01', 'com.ht.module.sys.controller.SysDeptController', 'GET', '1', '/back/sys-dept/findTreeAuth', '192.168.3.118', '{\"en\":{}}', '携带权限查询部门树', '0', NULL, '2023-08-02 15:10:37');
INSERT INTO `sys_oper_log` VALUES ('b2b0929a5dc566324e1b1f723404a3f0', '/sys-role', '01', 'com.ht.module.sys.controller.SysRoleController', 'GET', '1', '/back/sys-role/findPage', '192.168.3.118', '{\"pager\":{\"current\":1,\"hitCount\":false,\"limit\":20,\"offset\":0,\"orderByClause\":\"create_date desc\",\"orders\":[{\"asc\":false,\"column\":\"create_date\"}],\"pages\":0,\"records\":[],\"searchCount\":true,\"size\":20,\"sortdatafield\":\"create_date\",\"sortorder\":\"desc\",\"total\":0},\"en\":{\"custom\":[],\"menus\":[]}}', '分页查询角色', '0', NULL, '2023-08-02 15:28:04');
INSERT INTO `sys_oper_log` VALUES ('b330cb5424670037f9d2ea1c8e605ec3', '/sys-dept', '03', 'com.ht.module.sys.controller.SysDeptController', 'PUT', '1', '/back/sys-dept/update', '192.168.3.118', '{\"en\":{\"deptCode\":\"CDC\",\"deptId\":\"f9d0270ccaa944843e6d4500cdd49f34\",\"deptName\":\"成都子公司\",\"parentId\":\"97fdeee7aba1660030e886f527c2f326\",\"sort\":2}}', '修改部门', '0', NULL, '2023-08-02 15:17:12');
INSERT INTO `sys_oper_log` VALUES ('b339ce8e1875283a6f410551bf5bfbd0', '/sys-role', '01', 'com.ht.module.sys.controller.SysRoleController', 'GET', '1', '/back/sys-role/findPage', '192.168.3.118', '{\"pager\":{\"current\":1,\"hitCount\":false,\"limit\":20,\"offset\":0,\"orderByClause\":\"create_date desc\",\"orders\":[{\"asc\":false,\"column\":\"create_date\"}],\"pages\":0,\"records\":[],\"searchCount\":true,\"size\":20,\"sortdatafield\":\"create_date\",\"sortorder\":\"desc\",\"total\":0},\"en\":{\"custom\":[],\"menus\":[]}}', '分页查询角色', '0', NULL, '2023-08-02 11:27:45');
INSERT INTO `sys_oper_log` VALUES ('b442ef1d3b7ad1b03ec893476faa5048', '/sys-dept', '01', 'com.ht.module.sys.controller.SysDeptController', 'GET', '1', '/back/sys-dept/findTreeAuth', '192.168.3.118', '{\"en\":{}}', '携带权限查询部门树', '0', NULL, '2023-08-02 10:12:19');
INSERT INTO `sys_oper_log` VALUES ('b4d4e8eab6aaf127ee9687e2730391e5', '/sys-user', '01', 'com.ht.module.sys.controller.SysUserController', 'GET', '1', '/back/sys-user/findPage', '192.168.3.118', '{\"pager\":{\"current\":1,\"hitCount\":false,\"limit\":20,\"offset\":0,\"orderByClause\":\"create_date desc\",\"orders\":[{\"asc\":false,\"column\":\"create_date\"}],\"pages\":1,\"records\":[],\"searchCount\":true,\"size\":20,\"sortdatafield\":\"create_date\",\"sortorder\":\"desc\",\"total\":3},\"en\":{}}', '分页查询用户信息', '0', NULL, '2023-08-02 15:22:11');
INSERT INTO `sys_oper_log` VALUES ('b4eca13a28e77b9a1de3c1aab123351b', '/sys-dept', '01', 'com.ht.module.sys.controller.SysDeptController', 'GET', '1', '/back/sys-dept/findTreeAuth', '192.168.3.118', '{\"en\":{}}', '携带权限查询部门树', '0', NULL, '2023-08-02 15:28:04');
INSERT INTO `sys_oper_log` VALUES ('b57b6d9bb4823049e479d7e60789e4ff', '/sys-dept', '01', 'com.ht.module.sys.controller.SysDeptController', 'GET', '1', '/back/sys-dept/findTree', '192.168.3.118', '{\"en\":{}}', '获取部门树', '0', NULL, '2023-08-02 10:04:25');
INSERT INTO `sys_oper_log` VALUES ('b6589bdfcf40e465d46c7c79be237b41', '/sys-role', '01', 'com.ht.module.sys.controller.SysRoleController', 'GET', '1', '/back/sys-role/findList', '192.168.3.118', '{\"en\":{\"custom\":[],\"menus\":[]}}', '列表查询角色', '0', NULL, '2023-08-02 10:04:05');
INSERT INTO `sys_oper_log` VALUES ('b71a2065b128daf6069d6777339c185f', '/sys-dept', '01', 'com.ht.module.sys.controller.SysDeptController', 'GET', '1', '/back/sys-dept/findTreeAuth', '192.168.3.118', '{\"en\":{}}', '携带权限查询部门树', '0', NULL, '2023-08-02 15:15:02');
INSERT INTO `sys_oper_log` VALUES ('b75a4d6e675723c20785fa2e898ca3d9', '/sys-role', '01', 'com.ht.module.sys.controller.SysRoleController', 'GET', 'af2ed49dcffaa2b45225b5b752798422', '/back/sys-role/findList', '192.168.3.118', '{\"en\":{\"custom\":[],\"menus\":[]}}', '列表查询角色', '0', NULL, '2023-08-02 15:13:55');
INSERT INTO `sys_oper_log` VALUES ('b7a514ac37228464dd6de30fb24a1c42', '/sys-role', '01', 'com.ht.module.sys.controller.SysRoleController', 'GET', '1', '/back/sys-role/findPage', '192.168.3.118', '{\"pager\":{\"current\":1,\"hitCount\":false,\"limit\":20,\"offset\":0,\"orderByClause\":\"create_date desc\",\"orders\":[{\"asc\":false,\"column\":\"create_date\"}],\"pages\":0,\"records\":[],\"searchCount\":true,\"size\":20,\"sortdatafield\":\"create_date\",\"sortorder\":\"desc\",\"total\":0},\"en\":{\"custom\":[],\"menus\":[]}}', '分页查询角色', '0', NULL, '2023-08-02 15:27:13');
INSERT INTO `sys_oper_log` VALUES ('b7d32b88a1e175470b419e74bb654a9a', '/sys-user', '03', 'com.ht.module.sys.controller.SysUserController', 'POST', '1', '/back/sys-user/setRoles', '192.168.3.118', '{\"sysUser\":{\"id\":\"af2ed49dcffaa2b45225b5b752798422\",\"roles\":[\"1\"]}}', '设置用户角色', '0', NULL, '2023-08-02 15:16:00');
INSERT INTO `sys_oper_log` VALUES ('b82499f4e7ca7fe3e896c04aa30c03ad', '/base-scheduled-task', '01', 'com.ht.module.base.controller.BaseScheduledTaskController', 'GET', '1', '/back/base-scheduled-task/findPage', '192.168.3.118', '{\"pager\":{\"current\":1,\"hitCount\":false,\"limit\":20,\"offset\":0,\"orderByClause\":\"create_date desc\",\"orders\":[{\"asc\":false,\"column\":\"create_date\"}],\"pages\":0,\"records\":[],\"searchCount\":true,\"size\":20,\"sortdatafield\":\"create_date\",\"sortorder\":\"desc\",\"total\":0},\"en\":{}}', '分页查询定时任务', '0', NULL, '2023-08-02 11:29:53');
INSERT INTO `sys_oper_log` VALUES ('b8521b90fbeb9a02cba96ef90493731c', '/sys-role', '01', 'com.ht.module.sys.controller.SysRoleController', 'GET', '1', '/back/sys-role/findList', '192.168.3.118', '{\"en\":{\"custom\":[],\"menus\":[]}}', '列表查询角色', '0', NULL, '2023-08-02 11:28:24');
INSERT INTO `sys_oper_log` VALUES ('b8884f080f124b715be99eb1738545a6', '/sys-dept', '01', 'com.ht.module.sys.controller.SysDeptController', 'GET', '1', '/back/sys-dept/findTreeAuth', '192.168.3.118', '{\"en\":{}}', '携带权限查询部门树', '0', NULL, '2023-08-02 15:10:31');
INSERT INTO `sys_oper_log` VALUES ('b89eea939af9ca2f0e679587fa2f8481', '/sys-role', '01', 'com.ht.module.sys.controller.SysRoleController', 'GET', '1', '/back/sys-role/findList', '192.168.3.118', '{\"en\":{\"custom\":[],\"menus\":[]}}', '列表查询角色', '0', NULL, '2023-08-02 10:58:11');
INSERT INTO `sys_oper_log` VALUES ('ba9dcca6db93057bb132e6e326e04b97', '/sys-menu', '01', 'com.ht.module.sys.controller.SysMenuController', 'GET', '1', '/back/sys-menu/findMenuTree', '192.168.3.118', '{}', '查询出菜单树', '0', NULL, '2023-08-02 15:22:56');
INSERT INTO `sys_oper_log` VALUES ('bab6943f86956f2cbe096241d32997e7', '/sys-dept', '01', 'com.ht.module.sys.controller.SysDeptController', 'GET', '1', '/back/sys-dept/findTreeAuth', '192.168.3.118', '{\"en\":{}}', '携带权限查询部门树', '0', NULL, '2023-08-02 11:28:24');
INSERT INTO `sys_oper_log` VALUES ('bb3184376e7c3c4c26793a7629dbaee3', '/sys-dept', '01', 'com.ht.module.sys.controller.SysDeptController', 'GET', '1', '/back/sys-dept/findTree', '192.168.3.118', '{\"en\":{}}', '获取部门树', '0', NULL, '2023-08-02 15:28:04');
INSERT INTO `sys_oper_log` VALUES ('bc90dba2eccf3d55661d896ab1172bac', '/sys-dict', '01', 'com.ht.module.sys.controller.SysDictController', 'GET', '1', '/back/sys-dict/findPage', '192.168.3.118', '{\"pager\":{\"current\":1,\"hitCount\":false,\"limit\":20,\"offset\":0,\"orderByClause\":\"create_date desc\",\"orders\":[{\"asc\":false,\"column\":\"create_date\"}],\"pages\":0,\"records\":[],\"searchCount\":true,\"size\":20,\"sortdatafield\":\"create_date\",\"sortorder\":\"desc\",\"total\":0},\"sysDict\":{}}', '分页查询字典', '0', NULL, '2023-08-02 15:11:10');
INSERT INTO `sys_oper_log` VALUES ('bcacfe9c1f7339c58c8ccbc82242f248', '/sys-role', '01', 'com.ht.module.sys.controller.SysRoleController', 'GET', '1', '/back/sys-role/findPage', '192.168.3.118', '{\"pager\":{\"current\":1,\"hitCount\":false,\"limit\":20,\"offset\":0,\"orderByClause\":\"create_date desc\",\"orders\":[{\"asc\":false,\"column\":\"create_date\"}],\"pages\":0,\"records\":[],\"searchCount\":true,\"size\":20,\"sortdatafield\":\"create_date\",\"sortorder\":\"desc\",\"total\":0},\"en\":{\"custom\":[],\"menus\":[]}}', '分页查询角色', '0', NULL, '2023-08-02 11:42:50');
INSERT INTO `sys_oper_log` VALUES ('bce6591b0b95194ffb8d0b56fca3c78a', '/sys-menu', '01', 'com.ht.module.sys.controller.SysMenuController', 'GET', '1', '/back/sys-menu/findMenuTree', '192.168.3.118', '{}', '查询出菜单树', '0', NULL, '2023-08-02 15:29:43');
INSERT INTO `sys_oper_log` VALUES ('bcf4acdac082af60b8302fb861b054e5', '/sys-dept', '01', 'com.ht.module.sys.controller.SysDeptController', 'GET', '1', '/back/sys-dept/findTree', '192.168.3.118', '{\"en\":{}}', '获取部门树', '0', NULL, '2023-08-02 15:31:51');
INSERT INTO `sys_oper_log` VALUES ('bd8220683237c1dc8856d18b6be287a8', '/sys-role', '01', 'com.ht.module.sys.controller.SysRoleController', 'GET', '1', '/back/sys-role/findPage', '192.168.3.118', '{\"pager\":{\"current\":1,\"hitCount\":false,\"limit\":20,\"offset\":0,\"orderByClause\":\"create_date desc\",\"orders\":[{\"asc\":false,\"column\":\"create_date\"}],\"pages\":0,\"records\":[],\"searchCount\":true,\"size\":20,\"sortdatafield\":\"create_date\",\"sortorder\":\"desc\",\"total\":0},\"en\":{\"custom\":[],\"menus\":[]}}', '分页查询角色', '0', NULL, '2023-08-02 15:12:09');
INSERT INTO `sys_oper_log` VALUES ('bd9969cfa23d93715c78449da3b4b4e6', '/base-scheduled-task', '01', 'com.ht.module.base.controller.BaseScheduledTaskController', 'GET', '1', '/back/base-scheduled-task/findPage', '192.168.3.118', '{\"pager\":{\"current\":1,\"hitCount\":false,\"limit\":20,\"offset\":0,\"orderByClause\":\"create_date desc\",\"orders\":[{\"asc\":false,\"column\":\"create_date\"}],\"pages\":0,\"records\":[],\"searchCount\":true,\"size\":20,\"sortdatafield\":\"create_date\",\"sortorder\":\"desc\",\"total\":0},\"en\":{}}', '分页查询定时任务', '0', NULL, '2023-08-02 10:57:14');
INSERT INTO `sys_oper_log` VALUES ('bdf4b85868f41e76543e6b44dfcafc44', '/sys-menu', '01', 'com.ht.module.sys.controller.SysMenuController', 'GET', '1', '/back/sys-menu/findMenuTree', '192.168.3.118', '{}', '查询出菜单树', '0', NULL, '2023-08-02 10:58:48');
INSERT INTO `sys_oper_log` VALUES ('be8be98726051c9e71ddfc9d2462981f', '/sys-dept', '01', 'com.ht.module.sys.controller.SysDeptController', 'GET', '1', '/back/sys-dept/findTreeAuth', '192.168.3.118', '{\"en\":{}}', '携带权限查询部门树', '0', NULL, '2023-08-02 10:12:19');
INSERT INTO `sys_oper_log` VALUES ('bf269eda898f2804e36af27d3b3325f9', '/sys-role', '01', 'com.ht.module.sys.controller.SysRoleController', 'GET', '1', '/back/sys-role/findList', '192.168.3.118', '{\"en\":{\"custom\":[],\"menus\":[]}}', '列表查询角色', '0', NULL, '2023-05-06 09:39:30');
INSERT INTO `sys_oper_log` VALUES ('bf28ec1df0c91bb283429f2adbe9c728', '/sys-dept', '03', 'com.ht.module.sys.controller.SysDeptController', 'PUT', '1', '/back/sys-dept/update', '192.168.3.118', '{\"en\":{\"deptCode\":\"CDC\",\"deptId\":\"f9d0270ccaa944843e6d4500cdd49f34\",\"deptName\":\"成都子公司\",\"parentId\":\"97fdeee7aba1660030e886f527c2f326\",\"sort\":4}}', '修改部门', '0', NULL, '2023-08-02 15:17:06');
INSERT INTO `sys_oper_log` VALUES ('c08621683cd2cd530b2b4f30eb03ba2e', '/sys-dept', '01', 'com.ht.module.sys.controller.SysDeptController', 'GET', '1', '/back/sys-dept/findTree', '192.168.3.118', '{\"en\":{}}', '获取部门树', '0', NULL, '2023-08-02 10:20:23');
INSERT INTO `sys_oper_log` VALUES ('c192932f65dcf61d7fd7a6d99ddcdfac', '/sys-role', '01', 'com.ht.module.sys.controller.SysRoleController', 'GET', '1', '/back/sys-role/findPage', '192.168.3.118', '{\"pager\":{\"current\":1,\"hitCount\":false,\"limit\":20,\"offset\":0,\"orderByClause\":\"create_date desc\",\"orders\":[{\"asc\":false,\"column\":\"create_date\"}],\"pages\":0,\"records\":[],\"searchCount\":true,\"size\":20,\"sortdatafield\":\"create_date\",\"sortorder\":\"desc\",\"total\":0},\"en\":{\"custom\":[],\"menus\":[]}}', '分页查询角色', '0', NULL, '2023-08-02 15:10:23');
INSERT INTO `sys_oper_log` VALUES ('c1f012839e843707b0b465c2d94b44bb', '/sys-user', '01', 'com.ht.module.sys.controller.SysUserController', 'GET', '1', '/back/sys-user/findPage', '192.168.3.118', '{\"pager\":{\"current\":1,\"hitCount\":false,\"limit\":20,\"offset\":0,\"orderByClause\":\"create_date desc\",\"orders\":[{\"asc\":false,\"column\":\"create_date\"}],\"pages\":0,\"records\":[],\"searchCount\":true,\"size\":20,\"sortdatafield\":\"create_date\",\"sortorder\":\"desc\",\"total\":0},\"en\":{}}', '分页查询用户信息', '0', NULL, '2023-08-02 15:12:08');
INSERT INTO `sys_oper_log` VALUES ('c24f0153577f06c16de5269986d093ec', '/base-scheduled-task', '01', 'com.ht.module.base.controller.BaseScheduledTaskController', 'GET', '1', '/back/base-scheduled-task/findPage', '192.168.3.118', '{\"pager\":{\"current\":1,\"hitCount\":false,\"limit\":20,\"offset\":0,\"orderByClause\":\"create_date desc\",\"orders\":[{\"asc\":false,\"column\":\"create_date\"}],\"pages\":1,\"records\":[],\"searchCount\":true,\"size\":20,\"sortdatafield\":\"create_date\",\"sortorder\":\"desc\",\"total\":1},\"en\":{}}', '分页查询定时任务', '0', NULL, '2023-05-06 09:39:35');
INSERT INTO `sys_oper_log` VALUES ('c38d2ee6e056674c6d4c9bb353b8a2d5', '/sys-dept', '01', 'com.ht.module.sys.controller.SysDeptController', 'GET', '1', '/back/sys-dept/findTreeAuth', '192.168.3.118', '{\"en\":{}}', '携带权限查询部门树', '0', NULL, '2023-08-02 15:27:13');
INSERT INTO `sys_oper_log` VALUES ('c3b1f14437d4cd143e99ed853302f9d6', '/sys-dept', '01', 'com.ht.module.sys.controller.SysDeptController', 'GET', '1', '/back/sys-dept/findTreeAuth', '192.168.3.118', '{\"en\":{}}', '携带权限查询部门树', '0', NULL, '2023-08-02 11:28:44');
INSERT INTO `sys_oper_log` VALUES ('c3c47cdfc1667e43533ff33d216ea46c', '/sys-role', '01', 'com.ht.module.sys.controller.SysRoleController', 'GET', '1', '/back/sys-role/findList', '192.168.3.118', '{\"en\":{\"custom\":[],\"menus\":[]}}', '列表查询角色', '0', NULL, '2023-08-02 15:12:03');
INSERT INTO `sys_oper_log` VALUES ('c3d84010e21a97feed8b316fbf2bc7eb', '/base-scheduled-task', '01', 'com.ht.module.base.controller.BaseScheduledTaskController', 'GET', '1', '/back/base-scheduled-task/findPage', '192.168.3.118', '{\"pager\":{\"current\":1,\"hitCount\":false,\"limit\":20,\"offset\":0,\"orderByClause\":\"create_date desc\",\"orders\":[{\"asc\":false,\"column\":\"create_date\"}],\"pages\":1,\"records\":[],\"searchCount\":true,\"size\":20,\"sortdatafield\":\"create_date\",\"sortorder\":\"desc\",\"total\":1},\"en\":{}}', '分页查询定时任务', '0', NULL, '2023-05-06 09:39:43');
INSERT INTO `sys_oper_log` VALUES ('c4780043f5b72b5629617734194582aa', '/sys-dict', '01', 'com.ht.module.sys.controller.SysDictController', 'GET', '1', '/back/sys-dict/findPage', '192.168.3.118', '{\"pager\":{\"current\":1,\"hitCount\":false,\"limit\":20,\"offset\":0,\"orderByClause\":\"create_date desc\",\"orders\":[{\"asc\":false,\"column\":\"create_date\"}],\"pages\":0,\"records\":[],\"searchCount\":true,\"size\":20,\"sortdatafield\":\"create_date\",\"sortorder\":\"desc\",\"total\":0},\"sysDict\":{}}', '分页查询字典', '0', NULL, '2023-08-02 11:29:52');
INSERT INTO `sys_oper_log` VALUES ('c50588ea3a37df7c559f33bc814d6ea1', '/sys-role', '01', 'com.ht.module.sys.controller.SysRoleController', 'GET', '1', '/back/sys-role/findList', '192.168.3.118', '{\"en\":{\"custom\":[],\"menus\":[]}}', '列表查询角色', '0', NULL, '2023-08-02 15:12:08');
INSERT INTO `sys_oper_log` VALUES ('c6a1a9765d675f43c01917c4d02ea962', '/sys-dept', '01', 'com.ht.module.sys.controller.SysDeptController', 'GET', '1', '/back/sys-dept/findTreeAuth', '192.168.3.118', '{\"en\":{}}', '携带权限查询部门树', '0', NULL, '2023-08-02 15:19:13');
INSERT INTO `sys_oper_log` VALUES ('c743f5edb1246075b9194f61701c3ec1', '/sys-menu', '03', 'com.ht.module.sys.controller.SysMenuController', 'PUT', '1', '/back/sys-menu/update', '192.168.3.118', '{\"sysMenu\":{\"cache\":\"\",\"children\":[],\"code\":\"SYS_OPER_LOG_DEL\",\"icon\":\"el-icon-delete\",\"id\":\"c92c2d8ed9758cec6c91fa7f0c5c03ac\",\"name\":\"日志删除\",\"path\":\"\",\"pid\":\"320a24cd612cff7cdd50fc4610967de5\",\"sort\":1,\"type\":\"2\"}}', '修改菜单', '0', NULL, '2023-08-02 15:07:46');
INSERT INTO `sys_oper_log` VALUES ('c7edcde89b7f3bd149a10e9423c3c27f', '/sys-user', '01', 'com.ht.module.sys.controller.SysUserController', 'GET', '1', '/back/sys-user/findPage', '192.168.3.118', '{\"pager\":{\"current\":1,\"hitCount\":false,\"limit\":20,\"offset\":0,\"orderByClause\":\"create_date desc\",\"orders\":[{\"asc\":false,\"column\":\"create_date\"}],\"pages\":0,\"records\":[],\"searchCount\":true,\"size\":20,\"sortdatafield\":\"create_date\",\"sortorder\":\"desc\",\"total\":0},\"en\":{}}', '分页查询用户信息', '0', NULL, '2023-08-02 10:58:11');
INSERT INTO `sys_oper_log` VALUES ('c7fef5600fa9e17d90c910ca5a76baeb', '/sys-user', '01', 'com.ht.module.sys.controller.SysUserController', 'GET', '1', '/back/sys-user/findPage', '192.168.3.118', '{\"pager\":{\"current\":1,\"hitCount\":false,\"limit\":20,\"offset\":0,\"orderByClause\":\"create_date desc\",\"orders\":[{\"asc\":false,\"column\":\"create_date\"}],\"pages\":0,\"records\":[],\"searchCount\":true,\"size\":20,\"sortdatafield\":\"create_date\",\"sortorder\":\"desc\",\"total\":0},\"en\":{}}', '分页查询用户信息', '0', NULL, '2023-08-02 15:15:50');
INSERT INTO `sys_oper_log` VALUES ('c805a4a917bd3fa55a99800ad55786ad', '/sys-role', '01', 'com.ht.module.sys.controller.SysRoleController', 'GET', '1', '/back/sys-role/findList', '192.168.3.118', '{\"en\":{\"custom\":[],\"menus\":[]}}', '列表查询角色', '0', NULL, '2023-08-02 15:30:02');
INSERT INTO `sys_oper_log` VALUES ('c813c8f0c840511a7f43c3400a0ce98c', '/sys-menu', '01', 'com.ht.module.sys.controller.SysMenuController', 'GET', '1', '/back/sys-menu/findMenuTree', '192.168.3.118', '{}', '查询出菜单树', '0', NULL, '2023-08-02 15:12:03');
INSERT INTO `sys_oper_log` VALUES ('c87b1e946e9027c05af69e00ce2ef1ed', '/sys-role', '01', 'com.ht.module.sys.controller.SysRoleController', 'GET', '1', '/back/sys-role/findPage', '192.168.3.118', '{\"pager\":{\"current\":1,\"hitCount\":false,\"limit\":20,\"offset\":0,\"orderByClause\":\"create_date desc\",\"orders\":[{\"asc\":false,\"column\":\"create_date\"}],\"pages\":0,\"records\":[],\"searchCount\":true,\"size\":20,\"sortdatafield\":\"create_date\",\"sortorder\":\"desc\",\"total\":0},\"en\":{\"custom\":[],\"menus\":[]}}', '分页查询角色', '0', NULL, '2023-08-02 15:07:19');
INSERT INTO `sys_oper_log` VALUES ('c914501b7bc60f91d04260bc55e841da', '/sys-user', '01', 'com.ht.module.sys.controller.SysUserController', 'GET', '1', '/back/sys-user/findPage', '192.168.3.118', '{\"pager\":{\"current\":1,\"hitCount\":false,\"limit\":20,\"offset\":0,\"orderByClause\":\"create_date desc\",\"orders\":[{\"asc\":false,\"column\":\"create_date\"}],\"pages\":0,\"records\":[],\"searchCount\":true,\"size\":20,\"sortdatafield\":\"create_date\",\"sortorder\":\"desc\",\"total\":0},\"en\":{}}', '分页查询用户信息', '0', NULL, '2023-08-02 15:27:43');
INSERT INTO `sys_oper_log` VALUES ('ca82be3cea7ddffd0230b4cba72e3e4b', '/sys-menu', '01', 'com.ht.module.sys.controller.SysMenuController', 'GET', '1', '/back/sys-menu/findMenuTree', '192.168.3.118', '{}', '查询出菜单树', '0', NULL, '2023-08-02 10:20:23');
INSERT INTO `sys_oper_log` VALUES ('cb9b6d387ad49215b085ac7bd556d639', '/sys-role', '01', 'com.ht.module.sys.controller.SysRoleController', 'GET', '1', '/back/sys-role/findList', '192.168.3.118', '{\"en\":{\"custom\":[],\"menus\":[]}}', '列表查询角色', '0', NULL, '2023-08-02 15:22:07');
INSERT INTO `sys_oper_log` VALUES ('cba626c72d32be6c515822f76b50cfa1', '/sys-dept', '03', 'com.ht.module.sys.controller.SysDeptController', 'PUT', '1', '/back/sys-dept/update', '192.168.3.118', '{\"en\":{\"deptCode\":\"DZC\",\"deptId\":\"42e6ff404e861f296c06c4323664ef95\",\"deptName\":\"达州子公司\",\"parentId\":\"97fdeee7aba1660030e886f527c2f326\",\"sort\":2}}', '修改部门', '0', NULL, '2023-08-02 15:17:04');
INSERT INTO `sys_oper_log` VALUES ('cbccad4c5d62b90449c7be90c19ec2c0', '/sys-role', '01', 'com.ht.module.sys.controller.SysRoleController', 'GET', '1', '/back/sys-role/findList', '192.168.3.118', '{\"en\":{\"custom\":[],\"menus\":[]}}', '列表查询角色', '0', NULL, '2023-08-02 15:27:43');
INSERT INTO `sys_oper_log` VALUES ('cc2439b463be71accfda9272507dcc00', '/sys-dept', '01', 'com.ht.module.sys.controller.SysDeptController', 'GET', '1', '/back/sys-dept/findTreeAuth', '192.168.3.118', '{\"en\":{}}', '携带权限查询部门树', '0', NULL, '2023-08-02 11:29:47');
INSERT INTO `sys_oper_log` VALUES ('cd3e5464fdce00c38f8d74853653ce3a', '/sys-role', '01', 'com.ht.module.sys.controller.SysRoleController', 'GET', '1', '/back/sys-role/findList', '192.168.3.118', '{\"en\":{\"custom\":[],\"menus\":[]}}', '列表查询角色', '0', NULL, '2023-08-02 15:19:13');
INSERT INTO `sys_oper_log` VALUES ('cd48c746189c6c87cb58bf19f26d0214', '/sys-dept', '01', 'com.ht.module.sys.controller.SysDeptController', 'GET', '1', '/back/sys-dept/findTreeAuth', '192.168.3.118', '{\"en\":{}}', '携带权限查询部门树', '0', NULL, '2023-08-02 15:18:03');
INSERT INTO `sys_oper_log` VALUES ('cd4adeb81e167082afc0ed1542e85afe', '/sys-role-auth', '01', 'com.ht.module.sys.controller.SysRoleAuthController', 'GET', '1', '/back/sys-role-auth/findCustomByRoleId/b243975d18bf1728bd39ad22e22dbea2', '192.168.3.118', '{\"roleId\":\"b243975d18bf1728bd39ad22e22dbea2\"}', '通过角色ID获取角色自定义权限', '0', NULL, '2023-08-02 15:22:22');
INSERT INTO `sys_oper_log` VALUES ('cd9b9c2d250709ccaa3981a9c810100b', '/sys-role', '01', 'com.ht.module.sys.controller.SysRoleController', 'GET', '1', '/back/sys-role/findPage', '192.168.3.118', '{\"pager\":{\"current\":1,\"hitCount\":false,\"limit\":20,\"offset\":0,\"orderByClause\":\"create_date desc\",\"orders\":[{\"asc\":false,\"column\":\"create_date\"}],\"pages\":0,\"records\":[],\"searchCount\":true,\"size\":20,\"sortdatafield\":\"create_date\",\"sortorder\":\"desc\",\"total\":0},\"en\":{\"custom\":[],\"menus\":[]}}', '分页查询角色', '0', NULL, '2023-08-02 11:33:05');
INSERT INTO `sys_oper_log` VALUES ('cd9cb593657b61399be2cac109a73b14', '/sys-dept', '01', 'com.ht.module.sys.controller.SysDeptController', 'GET', '1', '/back/sys-dept/findTreeAuth', '192.168.3.118', '{\"en\":{}}', '携带权限查询部门树', '0', NULL, '2023-08-02 11:28:44');
INSERT INTO `sys_oper_log` VALUES ('cda7f91bcc70d42865cfa80af1a88880', '/sys-role', '01', 'com.ht.module.sys.controller.SysRoleController', 'GET', '1', '/back/sys-role/findList', '192.168.3.118', '{\"en\":{\"custom\":[],\"menus\":[]}}', '列表查询角色', '0', NULL, '2023-08-02 11:27:45');
INSERT INTO `sys_oper_log` VALUES ('d0635f77d92400123af6aadfcbf173c6', '/sys-dept', '01', 'com.ht.module.sys.controller.SysDeptController', 'GET', '1', '/back/sys-dept/findTreeAuth', '192.168.3.118', '{\"en\":{}}', '携带权限查询部门树', '0', NULL, '2023-08-02 15:27:41');
INSERT INTO `sys_oper_log` VALUES ('d068954a4e1129c7de7841861f1d873c', '/sys-user', '01', 'com.ht.module.sys.controller.SysUserController', 'GET', '1', '/back/sys-user/findPage', '192.168.3.118', '{\"pager\":{\"current\":1,\"hitCount\":false,\"limit\":20,\"offset\":0,\"orderByClause\":\"create_date desc\",\"orders\":[{\"asc\":false,\"column\":\"create_date\"}],\"pages\":0,\"records\":[],\"searchCount\":true,\"size\":20,\"sortdatafield\":\"create_date\",\"sortorder\":\"desc\",\"total\":0},\"en\":{}}', '分页查询用户信息', '0', NULL, '2023-08-02 11:46:30');
INSERT INTO `sys_oper_log` VALUES ('d083e6f20e9bdef29810eebe34c7df66', '/sys-role', '01', 'com.ht.module.sys.controller.SysRoleController', 'GET', '1', '/back/sys-role/findPage', '192.168.3.118', '{\"pager\":{\"current\":1,\"hitCount\":false,\"limit\":20,\"offset\":0,\"orderByClause\":\"create_date desc\",\"orders\":[{\"asc\":false,\"column\":\"create_date\"}],\"pages\":0,\"records\":[],\"searchCount\":true,\"size\":20,\"sortdatafield\":\"create_date\",\"sortorder\":\"desc\",\"total\":0},\"en\":{\"custom\":[],\"menus\":[]}}', '分页查询角色', '0', NULL, '2023-08-02 15:37:01');
INSERT INTO `sys_oper_log` VALUES ('d2e90c0d6323a2a03ba0b8a08db9b42a', '/sys-dept', '01', 'com.ht.module.sys.controller.SysDeptController', 'GET', '1', '/back/sys-dept/findTree', '192.168.3.118', '{\"en\":{}}', '获取部门树', '0', NULL, '2023-08-02 11:45:36');
INSERT INTO `sys_oper_log` VALUES ('d3737e25e47eba9fbe7b4aafb2f5dae5', '/sys-dept', '01', 'com.ht.module.sys.controller.SysDeptController', 'GET', '1', '/back/sys-dept/findTreeAuth', '192.168.3.118', '{\"en\":{}}', '携带权限查询部门树', '0', NULL, '2023-08-02 15:32:11');
INSERT INTO `sys_oper_log` VALUES ('d3a90e346afe661eb295df83913746f8', '/sys-menu', '01', 'com.ht.module.sys.controller.SysMenuController', 'GET', 'af2ed49dcffaa2b45225b5b752798422', '/back/sys-menu/findMenuRole/b243975d18bf1728bd39ad22e22dbea2', '192.168.3.118', '{\"rid\":\"b243975d18bf1728bd39ad22e22dbea2\"}', '按角色查询出菜单', '0', NULL, '2023-08-02 15:14:08');
INSERT INTO `sys_oper_log` VALUES ('d3f56ad40ea5dd38723a2ec56246fe68', '/sys-dept', '01', 'com.ht.module.sys.controller.SysDeptController', 'GET', '1', '/back/sys-dept/findTreeAuth', '192.168.3.118', '{\"en\":{}}', '携带权限查询部门树', '0', NULL, '2023-08-02 15:28:18');
INSERT INTO `sys_oper_log` VALUES ('d5ef506f94e67cdcd2e9a821fd32fa89', '/sys-dept', '01', 'com.ht.module.sys.controller.SysDeptController', 'GET', '1', '/back/sys-dept/findTreeAuth', '192.168.3.118', '{\"en\":{}}', '携带权限查询部门树', '0', NULL, '2023-08-02 15:29:42');
INSERT INTO `sys_oper_log` VALUES ('d6639da9c77df677ef69b3445f13beae', '/sys-dept', '01', 'com.ht.module.sys.controller.SysDeptController', 'GET', '1', '/back/sys-dept/findTreeAuth', '192.168.3.118', '{\"en\":{}}', '携带权限查询部门树', '0', NULL, '2023-08-02 11:33:05');
INSERT INTO `sys_oper_log` VALUES ('d6c8ae0a1c7b0e9f8000c53c55170748', '/sys-role', '01', 'com.ht.module.sys.controller.SysRoleController', 'GET', '1', '/back/sys-role/findList', '192.168.3.118', '{\"en\":{\"custom\":[],\"menus\":[]}}', '列表查询角色', '0', NULL, '2023-08-02 11:28:44');
INSERT INTO `sys_oper_log` VALUES ('d6fa03948174ed972695864b46f86e48', '/sys-role', '01', 'com.ht.module.sys.controller.SysRoleController', 'GET', '1', '/back/sys-role/findList', '192.168.3.118', '{\"en\":{\"custom\":[],\"menus\":[]}}', '列表查询角色', '0', NULL, '2023-08-02 15:15:56');
INSERT INTO `sys_oper_log` VALUES ('d7d983ddea9924d22a55b7ceb8735565', '/sys-dept', '01', 'com.ht.module.sys.controller.SysDeptController', 'GET', '1', '/back/sys-dept/findTreeAuth', '192.168.3.118', '{\"en\":{}}', '携带权限查询部门树', '0', NULL, '2023-08-02 15:28:54');
INSERT INTO `sys_oper_log` VALUES ('d7f9b88b9afb594ef3759248283821f7', '/base-scheduled-task', '01', 'com.ht.module.base.controller.BaseScheduledTaskController', 'GET', '1', '/back/base-scheduled-task/findPage', '192.168.3.118', '{\"pager\":{\"current\":1,\"hitCount\":false,\"limit\":20,\"offset\":0,\"orderByClause\":\"create_date desc\",\"orders\":[{\"asc\":false,\"column\":\"create_date\"}],\"pages\":0,\"records\":[],\"searchCount\":true,\"size\":20,\"sortdatafield\":\"create_date\",\"sortorder\":\"desc\",\"total\":0},\"en\":{}}', '分页查询定时任务', '0', NULL, '2023-08-02 15:11:30');
INSERT INTO `sys_oper_log` VALUES ('d94e7bf0de38f5a8b55bc89878d1df0e', '/base-scheduled-task', '01', 'com.ht.module.base.controller.BaseScheduledTaskController', 'GET', '1', '/back/base-scheduled-task/findPage', '192.168.3.118', '{\"pager\":{\"current\":1,\"hitCount\":false,\"limit\":20,\"offset\":0,\"orderByClause\":\"create_date desc\",\"orders\":[{\"asc\":false,\"column\":\"create_date\"}],\"pages\":0,\"records\":[],\"searchCount\":true,\"size\":20,\"sortdatafield\":\"create_date\",\"sortorder\":\"desc\",\"total\":0},\"en\":{}}', '分页查询定时任务', '0', NULL, '2023-08-02 15:32:26');
INSERT INTO `sys_oper_log` VALUES ('d95cea2de36dea7c1b00ea654030d5d6', '/sys-role', '01', 'com.ht.module.sys.controller.SysRoleController', 'GET', '1', '/back/sys-role/findList', '192.168.3.118', '{\"en\":{\"custom\":[],\"menus\":[]}}', '列表查询角色', '0', NULL, '2023-08-02 15:18:46');
INSERT INTO `sys_oper_log` VALUES ('d9a4565a3fbf67d3415877cf80e45d64', '/sys-role', '01', 'com.ht.module.sys.controller.SysRoleController', 'GET', '1', '/back/sys-role/findList', '192.168.3.118', '{\"en\":{\"custom\":[],\"menus\":[]}}', '列表查询角色', '0', NULL, '2023-08-02 11:27:06');
INSERT INTO `sys_oper_log` VALUES ('d9d3ecb206c143037d723a5b8c60e28d', '/sys-dict', '01', 'com.ht.module.sys.controller.SysDictController', 'GET', '1', '/back/sys-dict/findPage', '192.168.3.118', '{\"pager\":{\"current\":1,\"hitCount\":false,\"limit\":20,\"offset\":0,\"orderByClause\":\"create_date desc\",\"orders\":[{\"asc\":false,\"column\":\"create_date\"}],\"pages\":0,\"records\":[],\"searchCount\":true,\"size\":20,\"sortdatafield\":\"create_date\",\"sortorder\":\"desc\",\"total\":0},\"sysDict\":{}}', '分页查询字典', '0', NULL, '2023-08-02 15:28:05');
INSERT INTO `sys_oper_log` VALUES ('da288781e9bcb555e4c463f93267d48e', '/base-scheduled-task', '01', 'com.ht.module.base.controller.BaseScheduledTaskController', 'GET', '1', '/back/base-scheduled-task/findPage', '192.168.3.118', '{\"pager\":{\"current\":1,\"hitCount\":false,\"limit\":20,\"offset\":0,\"orderByClause\":\"create_date desc\",\"orders\":[{\"asc\":false,\"column\":\"create_date\"}],\"pages\":0,\"records\":[],\"searchCount\":true,\"size\":20,\"sortdatafield\":\"create_date\",\"sortorder\":\"desc\",\"total\":0},\"en\":{}}', '分页查询定时任务', '0', NULL, '2023-08-02 15:07:27');
INSERT INTO `sys_oper_log` VALUES ('dadc4349bbe6166a16162496bbdf6fea', '/sys-dept', '01', 'com.ht.module.sys.controller.SysDeptController', 'GET', '1', '/back/sys-dept/findTreeAuth', '192.168.3.118', '{\"en\":{}}', '携带权限查询部门树', '0', NULL, '2023-08-02 11:27:06');
INSERT INTO `sys_oper_log` VALUES ('dbbd26fd0ec13c4dc45df18c56a2abb0', '/sys-user', '01', 'com.ht.module.sys.controller.SysUserController', 'GET', '1', '/back/sys-user/findPage', '192.168.3.118', '{\"pager\":{\"current\":1,\"hitCount\":false,\"limit\":20,\"offset\":0,\"orderByClause\":\"create_date desc\",\"orders\":[{\"asc\":false,\"column\":\"create_date\"}],\"pages\":0,\"records\":[],\"searchCount\":true,\"size\":20,\"sortdatafield\":\"create_date\",\"sortorder\":\"desc\",\"total\":0},\"en\":{}}', '分页查询用户信息', '0', NULL, '2023-08-02 10:04:25');
INSERT INTO `sys_oper_log` VALUES ('dbbe3077a35a1b3a6c93859a9018bbdc', '/sys-user', '01', 'com.ht.module.sys.controller.SysUserController', 'GET', '1', '/back/sys-user/findPage', '192.168.3.118', '{\"pager\":{\"current\":1,\"hitCount\":false,\"limit\":20,\"offset\":0,\"orderByClause\":\"create_date desc\",\"orders\":[{\"asc\":false,\"column\":\"create_date\"}],\"pages\":0,\"records\":[],\"searchCount\":true,\"size\":20,\"sortdatafield\":\"create_date\",\"sortorder\":\"desc\",\"total\":0},\"en\":{}}', '分页查询用户信息', '0', NULL, '2023-08-02 10:12:19');
INSERT INTO `sys_oper_log` VALUES ('de3305adad3c88fde3c5d3c974329f2b', '/sys-user', '01', 'com.ht.module.sys.controller.SysUserController', 'GET', '1', '/back/sys-user/findPage', '192.168.3.118', '{\"pager\":{\"current\":1,\"hitCount\":false,\"limit\":20,\"offset\":0,\"orderByClause\":\"create_date desc\",\"orders\":[{\"asc\":false,\"column\":\"create_date\"}],\"pages\":0,\"records\":[],\"searchCount\":true,\"size\":20,\"sortdatafield\":\"create_date\",\"sortorder\":\"desc\",\"total\":0},\"en\":{}}', '分页查询用户信息', '0', NULL, '2023-08-02 15:32:11');
INSERT INTO `sys_oper_log` VALUES ('de5d09f6801cfea0555618759b66de2b', '/sys-role', '01', 'com.ht.module.sys.controller.SysRoleController', 'GET', '1', '/back/sys-role/findList', '192.168.3.118', '{\"en\":{\"custom\":[],\"menus\":[]}}', '列表查询角色', '0', NULL, '2023-08-02 15:19:02');
INSERT INTO `sys_oper_log` VALUES ('dfae92a3ead38cec0a874eb6a950f209', '/sys-role', '01', 'com.ht.module.sys.controller.SysRoleController', 'GET', '1', '/back/sys-role/findList', '192.168.3.118', '{\"en\":{\"custom\":[],\"menus\":[]}}', '列表查询角色', '0', NULL, '2023-08-02 11:46:30');
INSERT INTO `sys_oper_log` VALUES ('dff33f8ae6e8cb97f2d82b6367c71500', '/sys-dept', '01', 'com.ht.module.sys.controller.SysDeptController', 'GET', '1', '/back/sys-dept/findTreeAuth', '192.168.3.118', '{\"en\":{}}', '携带权限查询部门树', '0', NULL, '2023-08-02 15:19:02');
INSERT INTO `sys_oper_log` VALUES ('e0360c01b9fc427c511841d419a9e2a6', '/sys-user', '01', 'com.ht.module.sys.controller.SysUserController', 'GET', '1', '/back/sys-user/findPage', '192.168.3.118', '{\"pager\":{\"current\":1,\"hitCount\":false,\"limit\":20,\"offset\":0,\"orderByClause\":\"create_date desc\",\"orders\":[{\"asc\":false,\"column\":\"create_date\"}],\"pages\":0,\"records\":[],\"searchCount\":true,\"size\":20,\"sortdatafield\":\"create_date\",\"sortorder\":\"desc\",\"total\":0},\"en\":{}}', '分页查询用户信息', '0', NULL, '2023-08-02 15:18:47');
INSERT INTO `sys_oper_log` VALUES ('e0613d3b8609e7a7e706fce7b919fbe1', '/sys-dept', '01', 'com.ht.module.sys.controller.SysDeptController', 'GET', '1', '/back/sys-dept/findTree', '192.168.3.118', '{\"en\":{}}', '获取部门树', '0', NULL, '2023-08-02 15:32:14');
INSERT INTO `sys_oper_log` VALUES ('e0b6b8c14de2a0e244e6e1ca08f65698', '/sys-user', '01', 'com.ht.module.sys.controller.SysUserController', 'GET', '1', '/back/sys-user/findPage', '192.168.3.118', '{\"pager\":{\"current\":1,\"hitCount\":false,\"limit\":20,\"offset\":0,\"orderByClause\":\"create_date desc\",\"orders\":[{\"asc\":false,\"column\":\"create_date\"}],\"pages\":0,\"records\":[],\"searchCount\":true,\"size\":20,\"sortdatafield\":\"create_date\",\"sortorder\":\"desc\",\"total\":0},\"en\":{}}', '分页查询用户信息', '0', NULL, '2023-08-02 15:21:46');
INSERT INTO `sys_oper_log` VALUES ('e297833d28f7434efeeae4ba03d22757', '/sys-dict', '01', 'com.ht.module.sys.controller.SysDictController', 'GET', '1', '/back/sys-dict/findPage', '192.168.3.118', '{\"pager\":{\"current\":1,\"hitCount\":false,\"limit\":20,\"offset\":0,\"orderByClause\":\"create_date desc\",\"orders\":[{\"asc\":false,\"column\":\"create_date\"}],\"pages\":0,\"records\":[],\"searchCount\":true,\"size\":20,\"sortdatafield\":\"create_date\",\"sortorder\":\"desc\",\"total\":0},\"sysDict\":{}}', '分页查询字典', '0', NULL, '2023-08-02 10:12:20');
INSERT INTO `sys_oper_log` VALUES ('e2b4c671e42abfbc76b05214ccbf50fc', '/sys-dict', '01', 'com.ht.module.sys.controller.SysDictController', 'GET', '1', '/back/sys-dict/findPage', '192.168.3.118', '{\"pager\":{\"current\":1,\"hitCount\":false,\"limit\":20,\"offset\":0,\"orderByClause\":\"create_date desc\",\"orders\":[{\"asc\":false,\"column\":\"create_date\"}],\"pages\":0,\"records\":[],\"searchCount\":true,\"size\":20,\"sortdatafield\":\"create_date\",\"sortorder\":\"desc\",\"total\":0},\"sysDict\":{}}', '分页查询字典', '0', NULL, '2023-05-06 09:39:30');
INSERT INTO `sys_oper_log` VALUES ('e2f7e84717d6f2c3ea5389e75292e426', '/sys-dept', '01', 'com.ht.module.sys.controller.SysDeptController', 'GET', '1', '/back/sys-dept/findTree', '192.168.3.118', '{\"en\":{}}', '获取部门树', '0', NULL, '2023-05-06 09:39:30');
INSERT INTO `sys_oper_log` VALUES ('e30fd5a6f3f08f99aba7a529cc98a8df', '/sys-dept', '01', 'com.ht.module.sys.controller.SysDeptController', 'GET', '1', '/back/sys-dept/findTree', '192.168.3.118', '{\"en\":{}}', '获取部门树', '0', NULL, '2023-08-02 11:29:48');
INSERT INTO `sys_oper_log` VALUES ('e3330132c646f2828fdb6e565932fee8', '/sys-dept', '01', 'com.ht.module.sys.controller.SysDeptController', 'GET', '1', '/back/sys-dept/findTreeAuth', '192.168.3.118', '{\"en\":{}}', '携带权限查询部门树', '0', NULL, '2023-08-02 15:12:02');
INSERT INTO `sys_oper_log` VALUES ('e347cf49d69f170e06d355ccde17e448', '/sys-role', '01', 'com.ht.module.sys.controller.SysRoleController', 'GET', '1', '/back/sys-role/findList', '192.168.3.118', '{\"en\":{\"custom\":[],\"menus\":[]}}', '列表查询角色', '0', NULL, '2023-08-02 15:37:01');
INSERT INTO `sys_oper_log` VALUES ('e4e69eceed55679ea53251c28d027059', '/sys-dept', '01', 'com.ht.module.sys.controller.SysDeptController', 'GET', '1', '/back/sys-dept/findTreeAuth', '192.168.3.118', '{\"en\":{}}', '携带权限查询部门树', '0', NULL, '2023-08-02 11:28:44');
INSERT INTO `sys_oper_log` VALUES ('e50abefd19c6eeab846d963e4020abda', '/sys-dict', '01', 'com.ht.module.sys.controller.SysDictController', 'GET', '1', '/back/sys-dict/findPage', '192.168.3.118', '{\"pager\":{\"current\":1,\"hitCount\":false,\"limit\":20,\"offset\":0,\"orderByClause\":\"create_date desc\",\"orders\":[{\"asc\":false,\"column\":\"create_date\"}],\"pages\":0,\"records\":[],\"searchCount\":true,\"size\":20,\"sortdatafield\":\"create_date\",\"sortorder\":\"desc\",\"total\":0},\"sysDict\":{}}', '分页查询字典', '0', NULL, '2023-08-02 10:03:56');
INSERT INTO `sys_oper_log` VALUES ('e58294c752404d201ac010853083d1c9', '/sys-dept', '01', 'com.ht.module.sys.controller.SysDeptController', 'GET', '1', '/back/sys-dept/findTreeAuth', '192.168.3.118', '{\"en\":{}}', '携带权限查询部门树', '0', NULL, '2023-08-02 15:22:07');
INSERT INTO `sys_oper_log` VALUES ('e5887461c387b8313f1f619404e1ab50', '/sys-role', '01', 'com.ht.module.sys.controller.SysRoleController', 'GET', '1', '/back/sys-role/findList', '192.168.3.118', '{\"en\":{\"custom\":[],\"menus\":[]}}', '列表查询角色', '0', NULL, '2023-08-02 11:29:23');
INSERT INTO `sys_oper_log` VALUES ('e5e44f605e5cf7bd0eda08a17f41009e', '/sys-dept', '01', 'com.ht.module.sys.controller.SysDeptController', 'GET', '1', '/back/sys-dept/findTreeAuth', '192.168.3.118', '{\"en\":{}}', '携带权限查询部门树', '0', NULL, '2023-08-02 15:12:08');
INSERT INTO `sys_oper_log` VALUES ('e5ec80c8b95270d1b7c4cefc6bd0d473', '/sys-dept', '01', 'com.ht.module.sys.controller.SysDeptController', 'GET', '1', '/back/sys-dept/findTreeAuth', '192.168.3.118', '{\"en\":{}}', '携带权限查询部门树', '0', NULL, '2023-08-02 10:04:25');
INSERT INTO `sys_oper_log` VALUES ('e73d1cd00dd014a1c7755dfbf390fe92', '/sys-dept', '01', 'com.ht.module.sys.controller.SysDeptController', 'GET', '1', '/back/sys-dept/findTreeAuth', '192.168.3.118', '{\"en\":{}}', '携带权限查询部门树', '0', NULL, '2023-08-02 10:03:55');
INSERT INTO `sys_oper_log` VALUES ('e772d4ac300d2484a4e018ed90fc850e', '/sys-menu', '01', 'com.ht.module.sys.controller.SysMenuController', 'GET', '1', '/back/sys-menu/findMenuTree', '192.168.3.118', '{}', '查询出菜单树', '0', NULL, '2023-08-02 10:03:56');
INSERT INTO `sys_oper_log` VALUES ('e8d9ed8feedd9503a43a07ab9c5d743c', '/base-scheduled-task', '01', 'com.ht.module.base.controller.BaseScheduledTaskController', 'GET', '1', '/back/base-scheduled-task/findPage', '192.168.3.118', '{\"pager\":{\"current\":1,\"hitCount\":false,\"limit\":20,\"offset\":0,\"orderByClause\":\"create_date desc\",\"orders\":[{\"asc\":false,\"column\":\"create_date\"}],\"pages\":0,\"records\":[],\"searchCount\":true,\"size\":20,\"sortdatafield\":\"create_date\",\"sortorder\":\"desc\",\"total\":0},\"en\":{}}', '分页查询定时任务', '0', NULL, '2023-05-06 09:39:32');
INSERT INTO `sys_oper_log` VALUES ('e8fc3ff15b3920cb3eb14b9150ce0fda', '/sys-role', '01', 'com.ht.module.sys.controller.SysRoleController', 'GET', '1', '/back/sys-role/findList', '192.168.3.118', '{\"en\":{\"custom\":[],\"menus\":[]}}', '列表查询角色', '0', NULL, '2023-08-02 15:19:13');
INSERT INTO `sys_oper_log` VALUES ('eb57d8fe79db69a4744387dbbd4761a6', '/sys-user', '02', 'com.ht.module.sys.controller.SysUserController', 'POST', '1', '/back/sys-user/add', '192.168.3.118', '{\"sysUser\":{\"deptId\":\"8888b600c789bb11a7b7f1a303236156\",\"id\":\"\",\"name\":\"测试\",\"state\":\"01\",\"username\":\"test\"}}', '新增用户', '0', NULL, '2023-08-02 15:17:25');
INSERT INTO `sys_oper_log` VALUES ('ec7c46845794ea7b9973db4dc222f241', '/sys-dept', '01', 'com.ht.module.sys.controller.SysDeptController', 'GET', 'af2ed49dcffaa2b45225b5b752798422', '/back/sys-dept/findTreeAuth', '192.168.3.118', '{\"en\":{}}', '携带权限查询部门树', '0', NULL, '2023-08-02 15:13:55');
INSERT INTO `sys_oper_log` VALUES ('edd8ff41a4cb3ad3150b572c9ad6b569', '/sys-dept', '01', 'com.ht.module.sys.controller.SysDeptController', 'GET', '1', '/back/sys-dept/findTree', '192.168.3.118', '{\"en\":{}}', '获取部门树', '0', NULL, '2023-08-02 15:37:01');
INSERT INTO `sys_oper_log` VALUES ('ee0cd7de701b52d65d6346fc766083d6', '/sys-role', '01', 'com.ht.module.sys.controller.SysRoleController', 'GET', '1', '/back/sys-role/findList', '192.168.3.118', '{\"en\":{\"custom\":[],\"menus\":[]}}', '列表查询角色', '0', NULL, '2023-08-02 10:04:25');
INSERT INTO `sys_oper_log` VALUES ('eeff39059be606ebb858b24a798b10b0', '/sys-menu', '01', 'com.ht.module.sys.controller.SysMenuController', 'GET', '1', '/back/sys-menu/findMenuTree', '192.168.3.118', '{}', '查询出菜单树', '0', NULL, '2023-08-02 15:37:01');
INSERT INTO `sys_oper_log` VALUES ('ef0db981a3d1cd588a34729b9f582b3a', '/sys-role', '01', 'com.ht.module.sys.controller.SysRoleController', 'GET', '1', '/back/sys-role/findList', '192.168.3.118', '{\"en\":{\"custom\":[],\"menus\":[]}}', '列表查询角色', '0', NULL, '2023-08-02 15:12:08');
INSERT INTO `sys_oper_log` VALUES ('ef5c10141a51e194c9e2c1478e5bd547', '/sys-menu', '01', 'com.ht.module.sys.controller.SysMenuController', 'GET', '1', '/back/sys-menu/findMenuRole/15e585598274f4862ae1373e1495c14b', '192.168.3.118', '{\"rid\":\"15e585598274f4862ae1373e1495c14b\"}', '按角色查询出菜单', '0', NULL, '2023-08-02 15:22:52');
INSERT INTO `sys_oper_log` VALUES ('ef76d3ffc761d5d7ade2ec2aa4b1cb22', '/sys-role', '01', 'com.ht.module.sys.controller.SysRoleController', 'GET', '1', '/back/sys-role/findPage', '192.168.3.118', '{\"pager\":{\"current\":1,\"hitCount\":false,\"limit\":20,\"offset\":0,\"orderByClause\":\"create_date desc\",\"orders\":[{\"asc\":false,\"column\":\"create_date\"}],\"pages\":0,\"records\":[],\"searchCount\":true,\"size\":20,\"sortdatafield\":\"create_date\",\"sortorder\":\"desc\",\"total\":0},\"en\":{\"custom\":[],\"menus\":[]}}', '分页查询角色', '0', NULL, '2023-08-02 11:24:49');
INSERT INTO `sys_oper_log` VALUES ('efd82ef59c7c1513929caaccf86940bf', '/base-scheduled-task', '01', 'com.ht.module.base.controller.BaseScheduledTaskController', 'GET', '1', '/back/base-scheduled-task/findPage', '192.168.3.118', '{\"pager\":{\"current\":1,\"hitCount\":false,\"limit\":20,\"offset\":0,\"orderByClause\":\"create_date desc\",\"orders\":[{\"asc\":false,\"column\":\"create_date\"}],\"pages\":0,\"records\":[],\"searchCount\":true,\"size\":20,\"sortdatafield\":\"create_date\",\"sortorder\":\"desc\",\"total\":0},\"en\":{}}', '分页查询定时任务', '0', NULL, '2023-08-02 11:28:46');
INSERT INTO `sys_oper_log` VALUES ('f0036c4297857d52c4a2862420c31bee', '/sys-dept', '01', 'com.ht.module.sys.controller.SysDeptController', 'GET', '1', '/back/sys-dept/findTreeAuth', '192.168.3.118', '{\"en\":{}}', '携带权限查询部门树', '0', NULL, '2023-08-02 11:01:21');
INSERT INTO `sys_oper_log` VALUES ('f06e6fd4878c218576cdf8d2fe2f3cf5', '/sys-dept', '01', 'com.ht.module.sys.controller.SysDeptController', 'GET', '1', '/back/sys-dept/findTreeAuth', '192.168.3.118', '{\"en\":{}}', '携带权限查询部门树', '0', NULL, '2023-08-02 10:20:22');
INSERT INTO `sys_oper_log` VALUES ('f285049118414d7bb269d96546a84e8a', '/sys-dict', '01', 'com.ht.module.sys.controller.SysDictController', 'GET', '1', '/back/sys-dict/findPage', '192.168.3.118', '{\"pager\":{\"current\":1,\"hitCount\":false,\"limit\":20,\"offset\":0,\"orderByClause\":\"create_date desc\",\"orders\":[{\"asc\":false,\"column\":\"create_date\"}],\"pages\":0,\"records\":[],\"searchCount\":true,\"size\":20,\"sortdatafield\":\"create_date\",\"sortorder\":\"desc\",\"total\":0},\"sysDict\":{}}', '分页查询字典', '0', NULL, '2023-08-02 11:28:24');
INSERT INTO `sys_oper_log` VALUES ('f2adb086b92877d7afe1205cf0fa6902', '/sys-dept', '01', 'com.ht.module.sys.controller.SysDeptController', 'GET', '1', '/back/sys-dept/findTreeAuth', '192.168.3.118', '{\"en\":{}}', '携带权限查询部门树', '0', NULL, '2023-08-02 15:37:01');
INSERT INTO `sys_oper_log` VALUES ('f37d0002bfd989d7ce01dc9d3c966939', '/sys-oper-log', '04', 'com.ht.module.sys.controller.SysOperLogController', 'DELETE', '1', '/back/sys-oper-log/delete-by-id/4cbc454252b7bf52a7c1ec20d99e9745', '192.168.3.118', '{\"id\":\"4cbc454252b7bf52a7c1ec20d99e9745\"}', '删除日志', '0', NULL, '2023-08-02 15:08:01');
INSERT INTO `sys_oper_log` VALUES ('f4b7083422d1801dcde472cd2e28f786', '/sys-menu', '01', 'com.ht.module.sys.controller.SysMenuController', 'GET', '1', '/back/sys-menu/findMenuTree', '192.168.3.118', '{}', '查询出菜单树', '0', NULL, '2023-08-02 15:26:25');
INSERT INTO `sys_oper_log` VALUES ('f5b834a7a9c5d45082ac0fc4bb8cfc4b', '/sys-dept', '01', 'com.ht.module.sys.controller.SysDeptController', 'GET', '1', '/back/sys-dept/findTreeAuth', '192.168.3.118', '{\"en\":{}}', '携带权限查询部门树', '0', NULL, '2023-08-02 11:01:09');
INSERT INTO `sys_oper_log` VALUES ('f5ee21828848842e8778003bfa4a5c3a', '/sys-role', '01', 'com.ht.module.sys.controller.SysRoleController', 'GET', '1', '/back/sys-role/findList', '192.168.3.118', '{\"en\":{\"custom\":[],\"menus\":[]}}', '列表查询角色', '0', NULL, '2023-08-02 15:12:03');
INSERT INTO `sys_oper_log` VALUES ('f7a67e787c9a51af35d7cf1d7d9e5828', '/sys-dept', '01', 'com.ht.module.sys.controller.SysDeptController', 'GET', '1', '/back/sys-dept/findTree', '192.168.3.118', '{\"en\":{}}', '获取部门树', '0', NULL, '2023-08-02 11:29:23');
INSERT INTO `sys_oper_log` VALUES ('f84b421031b87509456cd2624a6a267d', '/sys-dept', '01', 'com.ht.module.sys.controller.SysDeptController', 'GET', '1', '/back/sys-dept/findTreeAuth', '192.168.3.118', '{\"en\":{}}', '携带权限查询部门树', '0', NULL, '2023-08-02 15:37:01');
INSERT INTO `sys_oper_log` VALUES ('f8526348c1dd0479373160e8818f2e0b', '/sys-dept', '03', 'com.ht.module.sys.controller.SysDeptController', 'PUT', '1', '/back/sys-dept/update', '192.168.3.118', '{\"en\":{\"deptCode\":\"DZC\",\"deptId\":\"42e6ff404e861f296c06c4323664ef95\",\"deptName\":\"达州子公司\",\"parentId\":\"97fdeee7aba1660030e886f527c2f326\",\"sort\":1}}', '修改部门', '0', NULL, '2023-08-02 15:17:11');
INSERT INTO `sys_oper_log` VALUES ('f9425e014dab1a5e1d6eccd537f16bac', '/sys-role', '01', 'com.ht.module.sys.controller.SysRoleController', 'GET', '1', '/back/sys-role/findList', '192.168.3.118', '{\"en\":{\"custom\":[],\"menus\":[]}}', '列表查询角色', '0', NULL, '2023-08-02 15:28:54');
INSERT INTO `sys_oper_log` VALUES ('f99b429853bf6c0a47507ed95303a4bc', '/sys-dept', '01', 'com.ht.module.sys.controller.SysDeptController', 'GET', '1', '/back/sys-dept/findTreeAuth', '192.168.3.118', '{\"en\":{}}', '携带权限查询部门树', '0', NULL, '2023-08-02 11:01:05');
INSERT INTO `sys_oper_log` VALUES ('fa96f9bdd3d3fb31e3a1f10df3133789', '/base-scheduled-task', '10', 'com.ht.module.base.controller.BaseScheduledTaskController', 'POST', '1', '/back/base-scheduled-task/stop/d2767a9fa7ef1f4c8a1faadf87ba211c', '192.168.3.118', '{\"id\":\"d2767a9fa7ef1f4c8a1faadf87ba211c\"}', '激活定时任务', '0', NULL, '2023-05-06 09:39:43');
INSERT INTO `sys_oper_log` VALUES ('fc0a374b382003f57e4dd11e4f6821be', '/sys-menu', '01', 'com.ht.module.sys.controller.SysMenuController', 'GET', '1', '/back/sys-menu/findMenuTree', '192.168.3.118', '{}', '查询出菜单树', '0', NULL, '2023-08-02 15:22:48');
INSERT INTO `sys_oper_log` VALUES ('fcd0998af33f6ef6f4acae7c729cd602', '/sys-role', '01', 'com.ht.module.sys.controller.SysRoleController', 'GET', '1', '/back/sys-role/findList', '192.168.3.118', '{\"en\":{\"custom\":[],\"menus\":[]}}', '列表查询角色', '0', NULL, '2023-08-02 15:31:24');
INSERT INTO `sys_oper_log` VALUES ('fd3de456e837f02e1fb513011a2bad2b', '/sys-dept', '01', 'com.ht.module.sys.controller.SysDeptController', 'GET', '1', '/back/sys-dept/findTreeAuth', '192.168.3.118', '{\"en\":{}}', '携带权限查询部门树', '0', NULL, '2023-08-02 11:27:03');
INSERT INTO `sys_oper_log` VALUES ('fdfeb938648b6cb00a8616e792f4ef7f', '/sys-role', '01', 'com.ht.module.sys.controller.SysRoleController', 'GET', '1', '/back/sys-role/findList', '192.168.3.118', '{\"en\":{\"custom\":[],\"menus\":[]}}', '列表查询角色', '0', NULL, '2023-08-02 15:15:56');
INSERT INTO `sys_oper_log` VALUES ('ff931a7a5be68bc6938cc5c46e23e916', '/sys-role', '01', 'com.ht.module.sys.controller.SysRoleController', 'GET', '1', '/back/sys-role/findList', '192.168.3.118', '{\"en\":{\"custom\":[],\"menus\":[]}}', '列表查询角色', '0', NULL, '2023-08-02 15:27:13');

-- ----------------------------
-- Table structure for sys_role
-- ----------------------------
DROP TABLE IF EXISTS `sys_role`;
CREATE TABLE `sys_role`  (
  `id` varchar(50) CHARACTER SET utf8 COLLATE utf8_general_ci NOT NULL COMMENT '角色表主键',
  `code` varchar(10) CHARACTER SET utf8 COLLATE utf8_general_ci NULL DEFAULT NULL COMMENT '角色编码',
  `name` varchar(10) CHARACTER SET utf8 COLLATE utf8_general_ci NULL DEFAULT NULL COMMENT '角色名',
  `data_authority` char(2) CHARACTER SET utf8 COLLATE utf8_general_ci NULL DEFAULT NULL COMMENT '角色权限标识-关联字典表（data_authority）',
  `create_date` datetime(0) NULL DEFAULT NULL COMMENT '创建时间',
  `create_user` varchar(50) CHARACTER SET utf8 COLLATE utf8_general_ci NULL DEFAULT NULL COMMENT '创建人',
  `update_date` datetime(0) NULL DEFAULT NULL COMMENT '修改时间',
  `update_user` varchar(50) CHARACTER SET utf8 COLLATE utf8_general_ci NULL DEFAULT NULL COMMENT '修改人',
  PRIMARY KEY (`id`) USING BTREE,
  UNIQUE INDEX `code`(`code`) USING BTREE
) ENGINE = InnoDB CHARACTER SET = utf8 COLLATE = utf8_general_ci COMMENT = '角色表' ROW_FORMAT = Dynamic;

-- ----------------------------
-- Records of sys_role
-- ----------------------------
INSERT INTO `sys_role` VALUES ('1', 'ADMIN', '管理员', '01', '2021-05-15 00:51:54', '1', '2022-04-24 09:44:25', '1');
INSERT INTO `sys_role` VALUES ('b243975d18bf1728bd39ad22e22dbea2', 'USER', '用户', '05', '2021-06-21 15:51:51', '1', '2023-08-02 15:22:23', '1');

-- ----------------------------
-- Table structure for sys_role_auth
-- ----------------------------
DROP TABLE IF EXISTS `sys_role_auth`;
CREATE TABLE `sys_role_auth`  (
  `id` varchar(32) CHARACTER SET utf8 COLLATE utf8_general_ci NOT NULL COMMENT '角色自定义权限表',
  `role_id` varchar(32) CHARACTER SET utf8 COLLATE utf8_general_ci NULL DEFAULT NULL COMMENT '角色id',
  `dept_id` varchar(32) CHARACTER SET utf8 COLLATE utf8_general_ci NULL DEFAULT NULL COMMENT '部门id',
  PRIMARY KEY (`id`) USING BTREE
) ENGINE = InnoDB CHARACTER SET = utf8 COLLATE = utf8_general_ci COMMENT = '角色自定义权限表' ROW_FORMAT = Dynamic;

-- ----------------------------
-- Records of sys_role_auth
-- ----------------------------
INSERT INTO `sys_role_auth` VALUES ('eb739b1fd9a03f0c0eaa732f94a945c5', '15e585598274f4862ae1373e1495c14b', 'fad2038681bfee0320dc6f1b0b375ee8');

-- ----------------------------
-- Table structure for sys_user
-- ----------------------------
DROP TABLE IF EXISTS `sys_user`;
CREATE TABLE `sys_user`  (
  `id` varchar(50) CHARACTER SET utf8 COLLATE utf8_general_ci NOT NULL COMMENT '主键',
  `username` varchar(11) CHARACTER SET utf8 COLLATE utf8_general_ci NULL DEFAULT NULL COMMENT '用户名',
  `password` varchar(120) CHARACTER SET utf8 COLLATE utf8_general_ci NULL DEFAULT NULL COMMENT '密码',
  `name` varchar(20) CHARACTER SET utf8 COLLATE utf8_general_ci NULL DEFAULT NULL COMMENT '昵称',
  `dept_id` varchar(32) CHARACTER SET utf8 COLLATE utf8_general_ci NULL DEFAULT NULL COMMENT '部门id',
  `state` char(2) CHARACTER SET utf8 COLLATE utf8_general_ci NULL DEFAULT NULL COMMENT '字段状态：01:启用：02：禁用  -关联码表state',
  `create_date` datetime(0) NULL DEFAULT NULL COMMENT '创建时间',
  `create_user` varchar(50) CHARACTER SET utf8 COLLATE utf8_general_ci NULL DEFAULT NULL COMMENT '创建人',
  `update_date` datetime(0) NULL DEFAULT NULL COMMENT '修改时间',
  `update_user` varchar(50) CHARACTER SET utf8 COLLATE utf8_general_ci NULL DEFAULT NULL COMMENT '修改人',
  PRIMARY KEY (`id`) USING BTREE
) ENGINE = InnoDB CHARACTER SET = utf8 COLLATE = utf8_general_ci COMMENT = '用户表' ROW_FORMAT = Dynamic;

-- ----------------------------
-- Records of sys_user
-- ----------------------------
INSERT INTO `sys_user` VALUES ('1', 'admin', '$2a$10$lAqcKF0CLMHzh2rBgqB/HeVNlrGKfXhbZfZAQq3va6u9JE4HLQh56', '管理员', '8888b600c789bb11a7b7f1a303236156', '01', '2021-05-17 17:58:51', NULL, '2021-08-01 10:18:20', NULL);
INSERT INTO `sys_user` VALUES ('7791d64d712380e7a5729acfb74ccce7', 'test', '$2a$10$0730MRNLvjDha7Nvoxyhieng/W/nqqu8oeok3EkNug0WfC7bGQXmO', '测试', '8888b600c789bb11a7b7f1a303236156', '01', '2023-08-02 15:17:25', '1', '2023-08-02 15:17:27', '1');
INSERT INTO `sys_user` VALUES ('af2ed49dcffaa2b45225b5b752798422', 'zhangsan', '$2a$10$IUcKinhF215LmfFJ2P6JSeUPhytSwVuGSN0uAOPgZ1lja58rwHEwe', '张三', '97fdeee7aba1660030e886f527c2f326', '01', '2022-04-22 14:33:35', '1', '2023-08-02 15:17:15', '1');

-- ----------------------------
-- Table structure for sys_user_role
-- ----------------------------
DROP TABLE IF EXISTS `sys_user_role`;
CREATE TABLE `sys_user_role`  (
  `id` varchar(50) CHARACTER SET utf8 COLLATE utf8_general_ci NOT NULL COMMENT '用户角色表',
  `role_id` varchar(50) CHARACTER SET utf8 COLLATE utf8_general_ci NULL DEFAULT NULL COMMENT '角色id',
  `user_id` varchar(50) CHARACTER SET utf8 COLLATE utf8_general_ci NULL DEFAULT NULL COMMENT '用户id',
  PRIMARY KEY (`id`) USING BTREE
) ENGINE = InnoDB CHARACTER SET = utf8 COLLATE = utf8_general_ci COMMENT = '用户角色表' ROW_FORMAT = Dynamic;

-- ----------------------------
-- Records of sys_user_role
-- ----------------------------
INSERT INTO `sys_user_role` VALUES ('103f8d50dedf5d2f3c791749e6cbe017', 'b243975d18bf1728bd39ad22e22dbea2', '5fd19af16e4e664f66d1b5390f626a6f');
INSERT INTO `sys_user_role` VALUES ('132624ef1b1b8609e17b6c3499fcc565', 'b243975d18bf1728bd39ad22e22dbea2', '7791d64d712380e7a5729acfb74ccce7');
INSERT INTO `sys_user_role` VALUES ('13f2bd4aee08947a0dd55132ba512ab8', '1', '1');
INSERT INTO `sys_user_role` VALUES ('219751da8d211e1a20a49ba3302afc70', 'b243975d18bf1728bd39ad22e22dbea2', '2e04f7d029d301f569f1276824cdc0fd');
INSERT INTO `sys_user_role` VALUES ('47184e965ab6fee7cadd35208a71ac72', '1', '4a27f333630401ce1387ac50537d39b6');
INSERT INTO `sys_user_role` VALUES ('539e8a472318d3ac7b04a154b19ba101', '1', 'af2ed49dcffaa2b45225b5b752798422');
INSERT INTO `sys_user_role` VALUES ('5563757ced0d56ed847c36e4055dbc30', '2', 'cebd85f887213b24ff2c14c437760c75');
INSERT INTO `sys_user_role` VALUES ('662117786d7f72507e93a8d7af058dcd', 'b243975d18bf1728bd39ad22e22dbea2', '4a27f333630401ce1387ac50537d39b6');
INSERT INTO `sys_user_role` VALUES ('6b22fd8d27a1692925d43e4b116915b6', '1', '43a92f05e1b29db2ced99358dd89a590');
INSERT INTO `sys_user_role` VALUES ('91f3c4084f6f62abdcf42640c97b0e3b', '3', 'cebd85f887213b24ff2c14c437760c75');
INSERT INTO `sys_user_role` VALUES ('ca3eb24792500876960edb84e30d7a61', 'b243975d18bf1728bd39ad22e22dbea2', '43a92f05e1b29db2ced99358dd89a590');
INSERT INTO `sys_user_role` VALUES ('cbb2986e423fb418e9b1ca5890172423', '1', '7791d64d712380e7a5729acfb74ccce7');
INSERT INTO `sys_user_role` VALUES ('d0d90a54a8ccad6ea0b3a084648346c8', '1', '77835a0841d652cef7abf8b5a5632532');

SET FOREIGN_KEY_CHECKS = 1;
